三国演义是谁的著作	罗贯中
孔明是指	诸葛亮
滚滚长江东逝水,浪花淘尽英雄.是非成败转头空.青山依旧在,几度夕阳红...这是我国哪部文学古典名著的开篇词	三国演义
我国古典文学名著<三国演义>中塑造了一个过五关斩六将,千里走单骑的英雄形象,这个英雄是谁	关羽
水淹七军讲的是谁的英雄故事？	关羽
一人一盒酥讲的是谁与曹操斗智的故事	杨修
天下三分是指天下分裂为哪几国	魏、蜀、吴
舌战群儒、三顾茅庐和七擒孟获讲的谁的故事	诸葛亮
<出师表>中的"先帝"指刘备,"陛下"指	刘禅
吕布为了谁杀董卓	貂婵
勉从虎穴暂栖身,说破英雄惊煞人.巧将闻雷来掩饰,随机应变信如神>这首诗说的是<三国演义>中刘备和曹操的一段故事.这个故事是	煮酒论英雄
成语"万事俱备,只欠东风"是根据<三国演义>的什么战役中"周瑜定计火攻曹操,一切都准备好了,只缺能把大火吹向曹营的东风."的故事演化而来的.	赤壁之战
诸葛亮与周瑜联手指挥的一场以少胜多的战例	赤壁之战
以下哪两个是与三国故事有关的成语或俗语	言过其实，期期艾艾
诸葛亮挥泪斩马谡是因为何事.	街亭失守
貂婵的义父是谁？	王允
杜牧<赤壁>诗中"东风不与周郎便,铜雀春深锁二乔"的句子写的是什么战役;.	赤壁之战
下列故事中不是三国演义中的一项是:	三打祝家庄
桃园三结义在谁的家里进行的	张飞
周瑜为谋害诸葛亮，要求其在几天内造出十万支箭？	十天
草船借箭时，每支草船有军士多少人？	三十人
常山真定人，字子龙的是以下哪位？	赵云
诸葛亮火烧新野时，命关公领兵多少人去白河上流头埋伏	一千人
铜雀台之名为何人所取？	曹植
＂一代枭雄，宽厚仁爱，求贤若渴＂指的是谁	刘备
《三国演义》中桃园三结义的三弟兄分别是双股剑的某某，使丈八蛇矛枪的某某和使青龙偃月刀的某人，这三人依次是	刘备、张飞、关羽
汝南有个善于评论人物的名士，评论曹操为：“治世之能臣，乱世之奸雄”，此名士是	许劭
＂智者和智慧的象征，清忠耿直，用人唯贤，谦虚、谨慎、认真又尽职、鞠躬尽瘁＂，指的是	诸葛亮
三国演义的作者罗贯中，是元末明初的	小说家和戏曲家
作者罗贯中是什么朝代的人	元末明初
三国演义讲的是什么时期的事情	东汉末年
《三国演义》中哪两位人物青梅煮酒论英雄？	刘备和曹操
《三国演义》中主要人物中被称“三绝”：“奸绝”、“智绝”、“义绝”依次是	曹操、诸葛亮、关羽
谁娶亲路人皆知	刘备
周瑜的妻子是	小乔
吕布为了美色，听信了王允的话杀了谁	董卓
董卓入京后收买了猛将谁,又废少帝,立献帝,大权独揽,实施暴政。	吕布
曹操为了选拔更多的人才,打破了依据封建德行和门弟高低任用官吏的标准,提出了"唯才是举"的用人方针,于公元210年春天下了一道什么.	《求贤令》
曾经替袁绍起草檄文,骂了曹操的祖宗三代.袁绍失败后归降曹操的是	陈琳
《三国演义》写了三个国家的兴衰史,从桃园三结义至三国归晋共经历了五大时期,便是黄巾之乱,董卓之乱,群雄割据(官渡之战,赤壁之战),三分天下和什么	天下归晋
诸葛亮认为某人：食其禄而杀其主，是不忠；居其土而献其地，是不义，认为其脑后有反骨，此人是	魏延
诸葛亮取了西川，论功行赏时，将有功之臣封为	五虎上将
以下谁不是诸葛亮封的“五虎上将”	魏延
诸葛亮在五丈原交代后事时，托付谁主持全局工作	杨仪
诸葛亮在五丈原交代后事时，把兵权交给了谁	姜维
魏延放火烧了蜀军回撤的栈道，扬言要擒杀杨仪，最后还是杨仪和谁合力斩了魏延	马岱
以下哪些人是五虎上将	关羽、赵云、张飞、马超、黄忠
三国猛将张飞，字翼德，是什么出身	屠户
谁字汉升，先事刘表，后事韩玄。虽两鬓霜色，仍能抡刀斩将，引弓射贼，相传臂力惊人，箭无虚发，非廉颇之辈可比也。	黄忠
草船借箭时，周瑜派谁去打探诸葛亮的虚实	鲁肃
诸葛亮“躬耕陇亩”于湖北襄阳以西二十里的古隆中，度过了几个寒暑春秋。	十个
是谁向刘备的推荐了诸葛亮	徐庶
刘备冒着隆冬的严寒和大雪，三往隆中，向年方二十七岁的诸葛亮请教统一天下的大计时，刘备多大	四十七岁
空城计是诸葛亮与谁摆出的虚招	司马懿
空城计是诸葛亮在什么地方实施的一招缓兵之计	四川西城
吕布的赤兔马最后成了谁的座骑	关羽
邓茂死在谁的丈八蛇矛之下	张飞
定军山战役黄忠是哪国的主将	蜀国
元末明初罗贯中综合民间传说和戏曲、话本，以及结合谁的《三国志》和裴松之注的史料完成了三国演义	陈寿
曹操和谁许昌狩猎时，用他曾用的弓射杀了一只鹿，这人是	献帝
夏侯惇被曹性射去了几支眼?	一只
罗贯中除著有《三国演义》外还著有	《隋唐志传》
以下哪个不是刘备的称谓	五虎将
黄忠原在荆州军阀刘表麾下任职中郎将，与刘表从子刘磐共守何地	长沙攸县
赤壁之战后，刘备征荆南四郡。长沙太守韩玄、桂阳太守赵范及零陵太守，以及何处太守金旋一块投降	武陵
刘备字什么	玄德
黄忠原为刘表手下时和谁一同镇守长沙	刘磐
184年，黄巾民变爆发，受到商人张世平、苏双资助，刘备组织起义兵，跟随邹靖讨伐什么军	黄巾军
公元201年，曹操于官渡大战中大败谁，进而南攻汝南	袁绍
刘备，蜀汉的开国皇帝，相传是汉景帝之子中山靖王谁的后代。	刘胜
五虎将之一的黄忠原是谁的手下	韩玄
刘备三顾茅庐请得诸葛亮加入，得出隆中对的战略方针，大概是在公元多少年	207年
下面哪句歇后语不正确	项羽射箭－百发百中
借刀杀人计是曹操让袁氏与谁火拼，他坐收渔翁之利	公孙康
曹操兴兵讨伐张绣，久攻南阳城不下。于是曹操命士兵做好继续攻城准备，自己却假装从西北角入城。这一切贾诩看得清楚，于是将计就计为张绣献上一计，这计是	声东击西计
离间计是曹操用来离间马超与谁的	韩遂
赤壁之战后，曹操一直在寻找机会消灭孙刘，只是怕马腾偷袭许都。于是荀攸献上什么计	翁中捉鳖计
东汉末年，外戚与宦官争斗，引起宫廷内乱。西凉的董卓收到谁命其进京救驾的密令，犹豫不决	何进
东汉末年宫廷内乱时，董卓的谋士谁，力劝董卓以“奉诏救驾”为名，趁机进京夺取政权。	李儒
曹操打败张绣后，矛头指向徐州吕布，如果正面与吕布交手即使取胜也会损失惨重。这时早已投降曹操的陈登成功运用何计，达到兵不血刃的目的。	调虎离山
司徒王允看到董卓、吕布皆是好色之徒，于是巧使什么计，让貂蝉离间董卓吕布，从而让其父子两人火并	美人计
谁到东吴游说周瑜，被周瑜将计就计，使曹操杀死蔡瑁张允水军两都督，	蒋干
周瑜与谁合演了一场苦肉计来，让曹操中计，为后来的火烧曹船立下汗马功劳。	黄盖
当时蒋干在东吴遇上庞统，并极力推荐庞统去见谁	曹操
庞统有心让东吴与刘备取胜，献计曹操，让曹军将每只船用环连上，这样曹兵如履平地，此计是	连环计
以下哪个战役使用了草船借箭、连环计、苦肉计、借东风、离间计等多个计策	赤壁之战
以逸待劳计是蜀军攻打定军山时，谁提出的计谋	法正
三国演义第一回讲的就是什么故事	桃园结义
张飞的爸爸姓什么	张
“马中赤兔，人中？”其中?号是什么	吕布
挥泪斩马SU，SU字怎么写	谡
孔明是怎么死的	北伐时病死在五丈原
杨修为何把曹操的一盒酥与众将士分吃了	因为他认为曹操示意“一人一口酥”
以下指的不是关羽的是	关云
诗“汉末才无敌，云长独出群，神威能奋武，儒雅更知文，天日心如镜，《春秋》义薄云，昭然千古，不止冠三分”写的是谁	关云长
以下指的不是诸葛亮的是	孟德
诸葛亮的父亲叫	诸葛圭
刘备三顾茅庐时，诸葛亮多少岁	27岁
刘备在哪建立了蜀汉政权	成都
曾经和关羽，张飞兄弟两人打的不分上下的第一武将为?	吕布
黄巾贼程志远为何人所杀?	关羽
赤壁之战中，谁献策诈降曹操?	黄盖
曹操因人进献一吉祥物，劳师动众的搭建了一座巨台，其名为?	铜雀台
「洛神赋」其中洛神是意指谁的妻子?	曹丕
孔明最后一次北伐时病死在哪里?	五丈原
在作战中眼睛被流箭射中，说：「父精母血不可弃」而把眼睛吃掉的是?	夏侯惇
孙权称帝后，下列何者被任命丞相?	顾雍
曹操谓曰「将军在匆忙之中，能整兵坚垒，任谤任劳，使之反败为胜虽古之名将，何以加兹者!」为何人?	于禁
三国时期，从未得到过汉玉玺的是谁?	刘备
孔明征南蛮时曾七擒七纵孟获，孟获的夫人叫？	祝融
关羽的养子是谁?	关平
那一位君主，刘备没有去投靠?	孙坚
七步成诗的是?	曹植
歇后语--刘备的江山是?	哭出来的
当曹操擒得吕布想收为义子时，刘备建了什么言使吕布被杀?	他专杀义父
是谁向曹操报告孙策袭取许都之心，后被孙策所杀?	许贡
使张辽成名的战役各是什么?	逍遥津之战
使赵云成名的战役各是什么?	长板桥之战
诸葛亮隐居时常把自己比作?	管仲
请问曾经当过刘备军师的「单福」其实是何人?	徐庶
夏侯惇被何人射去一眼?	曹性
周瑜娶的小乔是谁的女儿?	乔国公
称蜀中有断头将军，无降将军，但是到最后还是投降张飞的将领是?	严颜
是谁替刘备说降了马超?	李恢
请问孔明借完东风后由何人接应，而避过周瑜派人追杀?	赵云
赤壁之战的大功臣，有「美周郎」之称的是?	周瑜
请问只身陷入敌阵救阿斗的是谁?	赵云
孔明几擒几纵孟获?	七擒七纵
关羽离曹操时带走何物?	赤兔马
说动刘备，让他下定决心夺取益州的是?	庞统
为什么庞统不被孙权重用?	太丑
典韦是谁介绍给曹操的?	夏侯惇
魏延造反结果死于何人手上?	马岱
为何许褚叫虎痴?	徒手搏虎
诸葛亮死后，蜀国内政由何人代之?	蒋琬
刘备到吴国「娶新娘」时诸葛亮给他什么东西?	三个锦囊
被祢衡讥为「完体将军」的是?	夏侯惇
请问成语“浑身是胆”讲的是下面哪位将领?	赵云
三国演义中，曹仁的八门金锁阵被哪位军师所破?	徐庶
人称「马氏五常，白眉最良」所指的是?	马良
许攸献计曹操，将袁绍军囤积粮草之处一举烧尽，请问袁绍的粮仓是在?	乌巢
欲将守寡多年的嫂子樊氏嫁与赵云，但却惹得赵云大怒的是?	赵范
请问周瑜利用何人使曹操杀了蔡瑁，张允二人?	蒋干
让关羽大意失荆州的东吴将领为?	吕蒙
诸葛亮死后蜀中的支柱是?	姜维
诸葛亮人称?	卧龙先生
下列五虎将中那个最早死?	关羽
现在庙中神像，居中者为关公，右边白脸捧印的就是关平；左边黑脸持刀的，则是关公部将谁?	周仓
东汉末年，「曹操挟持天子以令诸侯」，句中的「天子」是指?	汉献帝
曹操抓了徐庶的哪个亲人要挟归依？	母亲
决定曹操和袁绍争霸胜负的关键战役是?	官渡之战
《短歌行》是谁的诗作呢?	曹操
刘备最先派给庞统的职位是?	县令
赤壁之战始于西元几年?	208
关公的坐骑赤兔马原本是属于谁的?	吕布
曾与张飞，许褚大战而不分胜负的西凉猛将是?	马超
孔明气死吴国的军师是谁?	周瑜
被后世尊为武神的关羽是出生哪里人?	河东解人
杀了董卓的凶手是谁?	吕布
群雄讨伐董卓，在泗水关迎战联军的大将是谁?	华雄
请问黄巾贼的老大是谁?	张角
大乔嫁给了?	孙策
为平定南中地区的叛乱，被孔明「七擒七纵」的是?	孟获
哪位豪杰曾与吕布交手过呢?	张飞
关羽在曹军时先斩杀了哪一位袁军大将?	颜良
赤兔马最早主人是谁?	董卓
三国歇后语，「关公前面耍大刀」后面是?	不自量力
袁绍的三弟是谁?	袁術
「九品官人制」是谁提出来的?	陈群
诸葛亮临终时传授姜维的兵法是？	兵法二十四篇
三国中被诸葛亮称赞「真将军也」的是?	赵云
关羽最喜欢哪一种职业?	刽子手
三国演义中，第一个死在张飞丈八蛇矛之下的是?	邓茂
袁绍手下哪位谋士倒投曹操并献计火烧乌巢粮仓?	许攸
诸葛亮发明的运输工具叫作?	木牛流马
三国时期建国最早的是?	魏
曹操的父亲名字是?	曹嵩
关羽对曹操说何人的勇猛更胜于他?	张飞
何人建议袁绍「挟天子以令诸侯」但被拒绝?	沮授
曹操据兖州组什么兵?	青州兵
本欲夺去关羽的赤兔马，但在知道是关羽后即归顺的是?	裴元绍
诸葛亮常自比管仲和谁?	乐毅
献帝在许昌狩猎时，曹操曾用献帝的弓射杀了一只动物，那只动物是什么?	鹿
馒头是何人发明的?	诸葛亮
曹操曾经命谁出兵截击袁术?	刘备
「乐不思蜀」是指以下那一个人?	刘禅
刘备曾经作过什么职业?	卖草鞋
曹操煮酒论英雄时指的英雄是谁?	刘备
曹操死后由何人继承?	曹丕
请问“对酒当歌，人生几何？”是谁的诗句？	曹操
请问下面事件中与赤壁之战无关的事件有？	火烧连营
请问刘备托孤的地点是？	白帝城
请问蜀吴两方作战中，决胜的战役是？	宜陵之战
请问关羽败走的地方叫？	麦城
诸葛亮的老师是？	水镜先生
定军山战役的蜀军主将是谁？	黄忠
成语“赤膊上阵”是指那位将领的事迹？	许褚
最后统一三国的人是谁？	司马炎
官渡之战中，被袁绍军围困的将领是？	曹操
在QQ三国中,一个QQ号下面所有角色的仓库是共用的吗?	是
在QQ三国中,几级可以接副职业的就职任务?	12
在QQ三国中,有多少个副职业?	5
在新手城的哪个NPC可以接副职业的就职任务？	千货商
在QQ三国中,副职业庖丁的作用是什么?	即能做蓝药也能做红药
男儿黑是啥?	回体力的蓝药
吃了红红肉有啥用?	一段时间内回复生命的
吃了饺子后会发生什么事情?	即时回复500生命
喝了美髯温酒会发生什么事情?	即时回复200体力
用5个鸡蛋可以生产出10个煮鸡蛋吗？	幸运合成或者使用初级锅
吃了煮鸡蛋的后果是？	即时回复300生命
以下哪些物品使用后会增加回避?	牙签滑鱼和闪避之石
以下哪些物品使用后可以在一段时间内提高体力的恢复速度?	其他答案都是
以下哪些物品使用后可以在一段时间内提高生命的恢复速度?	其他答案都是
以下哪些物品使用后可以在一段时间内增加移动的速度?	可乐鸡翅和一飞冲天
以下方法哪种可以快速回复生命？	金创药和双黄蛋都可以
以下方法哪种可以快速回复体力？	清心露和男儿黑都可以
二级嵌器之石	给20级以前的装备打孔的
中级血气之玉有啥用?	提高最大生命的
以下哪些物品可以将受到的伤害转化为体力？	弱效化伤为体玉
以下哪些物品可以将受到的伤害反弹给攻击者？	荆棘石
初级酒壶有啥用?	辅助批量生产男儿黑的
以下哪些物品可以提供回避率？	其他答案都是
初级酒壶是哪个副职业生产的?	镶工
以下什么物品可以永久提高你的生命最大值？	次级血气之玉
以下什么物品可以永久提高你的体力最大值？	玄力水晶
如何修理损坏的道具？	修复水晶和修复石都可以
下品强化石有啥用?	将0~3级别装备强化
初级锅有啥用?	辅助批量生产煮鸡蛋的
没有用在QQ三国中,如果鞋子镶嵌上以下哪个石头,移动速度会快一些?	风行石
以下哪些物品可以提高移动速度？	其他答案都是
初级修理宝石是哪个副职业生产的?	工匠
装备强化有什么效果？	其他答案都是
初级锅是哪个副职业生产的?	工匠
黄巾副本通过哪个NPC可以进?	其他答案都是
黄巾副本第一关的BOSS叫啥名字?	何曼
你去黄巾副本是为了啥?	其他答案都是
黄巾副本多少级以上可以进？	15
多少级别以上可以收徒弟?	20
多少级别以下才能拜师?	15
师徒一起组队练级,有啥好处?	其他答案都是
徒弟多少级别出师?	15
徒弟出师后，和师傅一起组队练级有好处吗?	其他答案都是
徒弟没出师，和师傅一起组队练级，以下哪些是对的?	其他答案都是
新手指导证有什么用？	杀神和如意都能换到
新手指导证书在新手城哪里兑换物品？	师缘隐士
一个队伍里最多可以有多少人?	5
组队后队长可以改变吗？	可以
如果大家都不偷懒，级别差不多的人组队一起练级有什么好处？	相同时间内获得更多的经验值
组队的人是否在同一张地图才能分享经验？	是
可以同时接多个任务吗?	可以
国家任务可以多次重复做吗?	可以
蜀国新手城旁边的怪物小蛮猪为什么经常找不到?	BOSS来的，刷新时间有点长
做国家任务可能会得到什么奖励?	金钱和副职业材料
到哪里接国家任务？	中书丞
国家任务一般有多少步？	5
新手城旁边的小BOSS多长时间刷新一次？	20分钟
主动攻击的怪物和被动攻击的怪物有啥不同？	其他答案都是
把某些道具卖给行脚商人，得到报酬会比你卖给其它NPC多很多，对吗？	骗人的
如果怪物的名字是绿色的，说明你和他的等级	你比它高
找哪些NPC可以接新任务?	头上有黄色的感叹号在闪烁的
NPC的头上顶着一个问号是啥意思呀?	你有任务没做完，需要和他对话
NPC的头上顶着一个灰色的感叹号是啥意思呀?	我再升级就可以接新任务了
多少级别可以创建军团?	30
多少级别可以加入军团?	15
找哪个NPC可以创建军团?	军团管理专员
军团成员组队打怪得到的经验会比非军团成员打怪得到的经验多吗？	一样多
如果你加入了一个军团，将拥有：	其他答案都是
有些人的头上顶着一个"灌水先锋"的称号,怎么来的呀?	经常在国家频道说话
有些人的头上顶着一个"中华食神"的称号,怎么来的呀?	他经常生产补蓝/红的药
有些人的头上顶着一个"铸造大师"的称号,怎么来的呀?	工匠做多了
有些人的头上顶着一个"制器大师"的称号,怎么来的呀?	镶嵌做多了
怎样和NPC对话？	其他答案都是
小偷被打死后,会掉什么物品?	副职业材料和高级合成书
最有可能掉中级工匠书的怪物是？	江陵附近的小偷
最有可能掉中级镶工书的怪物是？	江陵附近的小偷
为什么有些副职业的书在古书商人那里买不到?	其他答案都是
以下哪种方式可以实现你和另一个玩家一对一地聊天？	私聊
多少级可以使用职业频道说话？	20
在魏国使用国家频道说话，吴国可以看见吗？	不可以
你说的话如果想要全服务器的三个国家都能听到，应该使用？	小喇叭
怎么和另一个玩家私聊？	其他答案都是
成为好友后有什么好处？	其他答案都是
如果要从一个城市到另一个城市，最快的方法是？	坐马车
怎么坐马车呀？	找城市里的驿站马夫和他对话
红名的人可以坐马车吗？	不可以
在想回到最近的一个城市，以下方法可行？	其他答案都是
创建角色的时候设置密码是干嘛用的？	减少QQ号被盗后你的角色的损失
怎样将自己多余的物品道具卖出去赚钱？	其他答案都可以
摆摊的人可以：	出去打怪
摆摊的摊位有多少格？	其他答案都是
如果你在移动中快速双击鼠标的左键，会出现什么现象？	其他答案都是
如果在玩家头像上点击鼠标右键，会出现什么现象？	出现命令选单
只有成为你的好友，你才能发信件给他，对吗？	对
一个角色的邮箱最多能容纳多少封邮件？	50
为什么有些人的仓库比我的容量大？	他使用了私人仓库道具
不退出游戏，可以换到同一区的另一条线吗？	可以
如果我要将A键设置为其它的技能攻击，可以吗？	可以
为什么有时候我打怪第一下后我不按键盘我都可以继续打这个怪？	你在系统设置了自动攻击
旁边人太多了，我想屏蔽他们，怎么办？	按F11
背包里的物品，我可以：	其他答案都是
在游戏里可以看到世界地图吗？	按M键就可以
游戏里的道具有几种？	其他答案都是
游戏中的道具来源有：	其他答案都是
关于马草的描述，哪些是正确的：	其他答案都是
QQ三国是一款什么题材的游戏?	三国
诸葛亮是哪个国家的?	中国
以下哪个国家不属于QQ三国?	美国
用什么帐号就可以直接登陆QQ三国?	QQ号码
F1是什么界面的快捷键?	状态界面
F9是什么界面的快捷键?	商城
商城的快捷键是什么?	F9
与最近的NPC对话的快捷键是什么?	G
拾取落在地上的道具的快捷键是什么?	C
快速点选身边玩家角色的快捷键是什么?	~
快速点选身边怪物的快捷键是什么?	Tab
打开地图的快捷键是什么?	M
身上的物品已经装满了,应该找哪个NPC?	寄管小妖
想快速到达另外的城池,应该找哪个NPC?	马车夫
想修炼自己,应该按哪个快捷键打开界面?	F1
想在游戏中摆个摊位,应该通过哪个界面操作?	物品界面
以下哪个职业是属于QQ三国的?	豪杰
以下哪个职业是属于QQ三国的?	仙术士
以下哪个职业是属于QQ三国的?	剑侍
以下哪个职业是属于QQ三国的?	阴阳士
以下哪个职业是不属于QQ三国的?	骑士
QQ三国的人物总共有几类基本属性?	五
剑侍是什么类型的职业?	平均型
豪杰是什么类型的职业?	高防型
阴阳士是什么类型的职业?	高攻型
仙术士是什么类型的职业?	恢复型
剑侍装备什么类型的武器?	剑
豪杰装备什么类型的武器?	斧头
阴阳士装备什么类型的武器?	杖
仙术士装备什么类型的武器?	扇子
每个职业天生就拥有几类心法?	三
1Q币能够兑换多少Q点?	10个
横剑击是哪个职业的技能?	剑侍
饮血剑舞是哪个职业的技能?	剑侍
回风拂柳是哪个职业的技能?	剑侍
剑刃噬心是哪个职业的技能?	剑侍
分光斩影是哪个职业的技能?	剑侍
狂雷七星剑是哪个职业的技能?	剑侍
慑魂一式是哪个职业的技能?	剑侍
剑荡八荒是哪个职业的技能?	剑侍
残影蚀心剑是哪个职业的技能?	剑侍
傲断苍穹是哪个职业的技能?	剑侍
惊鸿幻剑是哪个职业的技能?	剑侍
出云幻星剑是哪个职业的技能?	剑侍
剑气冲九霄是哪个职业的技能?	剑侍
霸王斧是哪个职业的技能?	豪杰
泣血斧是哪个职业的技能?	豪杰
祭血连环斧是哪个职业的技能?	豪杰
怒海狂涛是哪个职业的技能?	豪杰
神工鬼斧是哪个职业的技能?	豪杰
力斩千钧是哪个职业的技能?	豪杰
惊雷裂地是哪个职业的技能?	豪杰
神龙探海是哪个职业的技能?	豪杰
九州风雷动是哪个职业的技能?	豪杰
狂斧冲霄是哪个职业的技能?	豪杰
狂沙百战是哪个职业的技能?	豪杰
嗜血破天是哪个职业的技能?	豪杰
天怒人怨是哪个职业的技能?	豪杰
火炎是哪个职业的技能?	阴阳士
炽炎袭是哪个职业的技能?	阴阳士
狂炎涌是哪个职业的技能?	阴阳士
残阳炙是哪个职业的技能?	阴阳士
星火坠是哪个职业的技能?	阴阳士
业火焚心是哪个职业的技能?	阴阳士
幻剑离火是哪个职业的技能?	阴阳士
金蛇狂舞是哪个职业的技能?	阴阳士
卸甲冥焰是哪个职业的技能?	阴阳士
野火燎原是哪个职业的技能?	阴阳士
暗炎凋残星是哪个职业的技能?	阴阳士
炼狱阴魔咒是哪个职业的技能?	阴阳士
炫灵流火咒是哪个职业的技能?	阴阳士
江山烽火啸是哪个职业的技能?	阴阳士
水瀑是哪个职业的技能?	仙术士
回春术是哪个职业的技能?	仙术士
玄冰护盾是哪个职业的技能?	仙术士
真元入体是哪个职业的技能?	仙术士
燕行术是哪个职业的技能?	仙术士
寒冰刺是哪个职业的技能?	仙术士
凝神静心是哪个职业的技能?	仙术士
续命诀是哪个职业的技能?	仙术士
太极清灵术是哪个职业的技能?	仙术士
元灵归心术是哪个职业的技能?	仙术士
沧海怒潮是哪个职业的技能?	仙术士
春风拂体是哪个职业的技能?	仙术士
疾风术是哪个职业的技能?	仙术士
碧海潮生是哪个职业的技能?	仙术士
莲华出水术是哪个职业的技能?	仙术士
惊涛穿云术是哪个职业的技能?	仙术士
轻灵术是哪个职业的技能?	剑侍
激将计是哪个职业的技能?	剑侍
玉石俱焚是哪个职业的技能?	剑侍
不灭金身是哪个职业的技能?	豪杰
磅礴战意是哪个职业的技能?	豪杰
挑衅四方是哪个职业的技能?	豪杰
开山斧是哪个职业的技能?	豪杰
真气护体是哪个职业的技能?	阴阳士
火凤附体是哪个职业的技能?	阴阳士
威慑天下是哪个职业的技能?	阴阳士
智谋术是哪个职业的技能?	仙术士
宁静致远是哪个职业的技能?	仙术士
缓兵之计是哪个职业的技能?	仙术士
想提高自己的物理攻击伤害,应该修炼哪一项?	奋迅
想提高自己的魔法攻击伤害,应该修炼哪一项?	妖法
想减少自己受到的物理攻击伤害,应该修炼哪一项?	禁卫
想减少自己受到的魔法攻击伤害,应该修炼哪一项?	仙法
以下哪一项,你在"修炼"中是无法改变的?	经验
想要一直获得金钱任务,可以找哪个NPC接受任务?	本国书丞
QQ三国有几种副职业?	五
以下哪类副职属于QQ三国?	工匠
可以生产回复体力和生命的副职是?	庖丁
重铸之书是哪个副职使用的合成书籍?	工匠
酒肉无忌是哪个副职使用的合成书籍?	庖丁
武神之祝福是哪个副职使用的合成书籍?	镶工
回春丹在哪个NPC处可以购买到?	千货商
以下哪个道具,在千货商处是购买不到的?	活力丸
以下哪个道具,是可以在商城内购买到的?	活力丸
副职所需要的材料,一般都可以在哪里购买到?	千货商
可以瞬间提高自己的移动和跳跃的道具是?	神行之卷
可以免除死亡惩罚的道具是?	小强丸
可以瞬间提高自己一定活力的道具是?	活力丸
可以使自己获得双倍经验的道具是?	双倍经验丸
下列哪个区域不是夺荆州中需要争夺的区域	麒麟区
装备以下哪个道具就可以自动给自己加血?	自动补给
购买了"自动补给"如何才能自动给自己的角色补给?	装备"自动补给"后设置默认使用的药物
使用以下哪个道具,可以让所有的人都看见你说的话?	小喇叭
使用国家频道发言,需要多少三国币?	随等级增加而变化
以下哪个道具是QQ三国内的?	三锅头
以下哪种方式不能获得三国点？	贩卖商城道具
在个人状态中,哪一项代表武器的物理攻击力?	物攻
在个人状态中,哪一项影响角色的回避能力?	灵活
想设置自己的个性签名,应该使用哪个快捷键呼叫状态界面?	F1
一周基本只能使用多少个"双倍经验丸"?	十二个
比玩家弱很多的怪物:	怪物名为灰色
比玩家稍弱的怪物:	怪物名为绿色
和玩家差不多的怪物:	怪物名为黄色
比玩家稍强的怪物:	怪物名为橙色
比玩家强很多的怪物:	怪物名为红色
QQ三国官方网站的网址是:	sg.qq.com
以下哪个快捷键可以前翻"自定义快捷键组"?	,
以下哪个快捷键可以后翻"自定义快捷键组"?	.
以下哪个快捷键可以快速选择自己的队友?	数字键1至5
如果你的好友不在线,你可以通过什么方式给他留言?	邮件
用以下哪种方式可以用单独的窗口和别人交流?	私聊
要想成为大话王,你需要在哪里大量发言?	国家频道
查询各职业主等级排行榜,你需要找哪位NPC?	四方巡查使
烤乳猪是哪个菜系的代表菜	粤菜
下面哪部电影不是卓别林自编自导自演的	谋生
全国性抗日战争爆发的标志是？	七七事件
我国著名的赵州桥建于哪个朝代？	隋
老子是骑着什么出函谷关后再无踪影的	牛
阿司匹林最初提取于：	杨柳树皮
被后人称为陶朱公的是谁	范蠡
阿里巴巴和四十大盗的故事中打开石门的咒语是	芝麻开门
世界上最早的纸币产生在哪里	中国
下列什么植物生长速度最快?	竹子
每一个少数民族都有自己喜爱的颜色，生长在大草原的蒙古族喜爱:	白色
请指出下列中哪一种不是昆虫?	蜘蛛
＂自由女神像＂是哪个国家送给美国的礼物？	法国
孙膑的老师叫什么	鬼谷子
太阳系中哪颗行星的表面温度最高?	金星
发源于我国唯一注入北冰洋的河流是：	额尔齐斯河
哪种海洋动物会像鸟儿一样唱歌?	白鲸
世界上第一部成文宪法是：	美国宪法
适量补充下列哪种元素可防止粉刺？	锌
下列哪位思想家被判死刑	苏格拉底
现发行的属相邮票中哪种价值最高	猴票
母狼与一对孪生子的雕塑存在于哪里	罗马
“初唐四杰”中有：	王勃
魔方是由几个小方块组成的？	26块
最古老的医院是设在：	教堂里
金字塔建在尼罗河的：	西岸
孔泰发明的现在通用的铅笔是由石墨和什么混合制成的？	粘土
《洛神赋图》是谁的作品？	顾恺之
正式的接力赛，每队有几名运动员？	4名
利用水力来舂米碾谷子的水碓磨是谁发明的	祖冲之
人类首例心脏移植手术是哪年施行的	1967
南陈王朝的陈后主在隋军攻入皇宫时与两宠妃藏在哪里	水井
目前我国商业、旅游、娱乐用地的土地使用权出让的最高年限是：	40年
《强制戒毒办法》规定，强制戒毒期限为多长时间？	3-6个月
以下哪个不是光驱的内部结构?	滚轮
88岁有个俗称，请问是什么	米寿
下列哪句诗与“小荷才露尖尖角，早有蜻蜓立上头”出自同一作者？	接天莲叶无穷碧，映日荷花别样红
请问下列小说中哪个不是凡尔纳的作品	《火星公主》
“蓝田日暖玉生烟”这句诗的原作者是谁	李商隐
由成语“墙头马上”的原意可知，元朝白朴所著的《墙头马上》属于什么类型的杂剧？	言情
桂林位于我国的哪个省？	广西
传真技术来源于下列哪个物品的启示？	钟摆
秦朝开始推行郡县制度在全国设	36郡
前不见古人，后不见来者。念天地之悠悠，独怆然而涕下。出自何人之手？	陈子昂
决定电脑运行时钟频率的是以下哪个部件？	CPU
“网开一面”的“网”在这个典故里面原本是指什么？	狩猎
最长的国歌“自由颂”是哪个国家的国歌？	希腊
通常情况下，下面哪一根是导体？	碳棒
挪威货币是：	克朗
发现电磁感应现象的物理学家是：	法拉第
希腊神话中波赛顿是宙斯的：	兄弟
皮影的原型是用什么材料：	纸
中国电影金鸡奖奖品是高达35公分的一座造型优美的鸡形雕像，这座雕像是	铸铜镀金
以下哪个城市是用花取名的？	朝阳
“姑娘追”是哪个民族的游戏？	哈萨克族
以麻辣辛香调料而闻名的菜系是	川菜
以下哪个是腊月初八的传统食物?	八宝粥
东欧剧变从哪个国家最先爆发？	波兰
佛跳墙是哪个菜系的代表菜	福建菜系
八仙过海闹罗汉是哪个菜系的著名菜肴?	孔府菜
担担面是哪里的特色食品？	四川
南北朝称面条是什么?	引
唐代设十道作为监察区是始于什么时期？	开元时期
人的味蕾能辨别的味道有：	甜酸咸苦
国家病毒命名委员会正式命名了冠状病毒科是在哪一年？	2003年
乌鸦被一个农民用石子打了，当乌鸦再次遇到这个农民时，便去啄他的眼睛，这是因为：	自卫的表现
兔子的眼睛为什么是红色的？	兔子的虹膜是无色的
在我国的农历节气中，“惊蛰”象征着什么？	冬眠动物出土活动
世界上被称为“三大球”运动的是哪三种运动？	足球篮球排球
傣族过泼水节是因为：	民族传说
近代文学作家鲁迅在中国哪个城市逝世?	上海
用盐腌的鳟鱼卵叫什么？	黑鱼子
以下哪一处名胜被列入“世界文化景观遗产”？	庐山
现今存诗最多的诗人是	陆游
《史记》记载的历史大约有多少年？	3000
明代徐霞客完成《徐霞客游记》大约用了多少年？	30
漫画七龙珠的作者是哪国的?	日本
离太阳最近的行星是什么星?	水星
汉长安城的大街分三条道，中央御路宽约	20米
《七步诗》的作者是：	曹植
“天时不如地利，地利不如人和”出自：	《孟子》
法国启蒙运动中最富民主倾向的作家是	卢梭
少量饮酒对身体有好处，请问下列哪种酒对心血管疾病有预防作用	葡萄酒
牙龈常出血的人，一般体内缺乏	维生素C
共青团中央于哪一年决定5月4日为共青团成立纪念日	1950年4月
下列属于我国内海的是	渤海
世界60亿人口日是	1999年10月12日
下列物质中，提供热量最多的是：	脂肪
人们惯用的芭蕉扇是用什么植物的叶子做的？	棕榈叶
《十面埋伏》是	琵琶曲
男子吊环比赛至少倒立：	2次
哪个是宋朝的古都：	开封
辽沈战役中最先解放的城市是?	锦州
第一个册封"达赖喇嘛"的皇帝是	顺治
牡丹之乡是山东省的	菏泽
清朝把全国划分为多少个省？	18
苏秦用什么办法防止读书时打瞌睡?	把头发栓在房粱上
哪个洲的原始森林面积最大：	南美洲
“五四运动”发生在哪一年？	1919
当事人委托诉讼代理人进行诉讼时，最多可以委托多少人？	2
哪些人犯罪可以从轻、减轻或者免除处罚？	盲人
明月几时有，把酒问青天。是谁的词？	苏轼
在多媒体计算机系统中，不能用以存储多媒体信息的是什么？	光缆
世界上最大的洋为	太平洋
世界上最大的洲为	亚洲
京张铁路的总设计师是谁？	詹天佑
1970.4.24我国的第一颗人造卫星东方红一号用什么方式送上天的？	运载火箭
哪一朝废除丞相制度	明朝
最早的温度计里面用的是哪种溶液？	水
摩罗氏苹果疗法是哪国人发明的：	德国
谁被誉为中国的“莎士比亚”？	关汉卿
鞋子除臭应在里面放些什么	醋
韩信的老家在哪里	淮阴
中华人民共和国户口登记条例是哪一年颁布实施的？	1978年
中国的哪个朝代曾建立横跨欧亚两洲的大帝国：	元朝
中国历史上宦官干预国政，始于	东汉
世界上出产黄金最多的国家是：	南非
中国六大古都：北京,西安,南京,洛阳,开封,杭州。有几个位于黄河流域	3个
中国于哪一年完成社会主义改造：	1956年
宙斯为了惩罚傲慢的维纳斯，强迫她嫁给天神中的：	火神
著名词句两情若是久长时,又岂在、朝朝暮暮。的作者是：	秦观
成语“鸡鸣狗盗”跟下面的哪个人物有关：	孟尝君
下面的戏剧中，不是莎士比亚的“四大悲剧”之一的是：	《暴风雨》
“赔了夫人又折兵”中的“夫人”指的是：	孙权的妹妹
《悲惨世界》是下面哪个人物的代表作：	雨果
辛亥革命发生在哪一年：	1911年
新中国成立后，我国共颁布了几部宪法：	4
星条旗是哪国国旗：	美国
扬州作为名城，最多时包括目前华东地区几省：	5
依照宪法规定由谁发布法律：	国家主席
以下哪一个不是文学上的三曹之一？	曹爽
意大利在地图上像	靴子
英语属于哪一语族：	日耳曼语族
与凹字笔画数相同的字是哪一个？	鸟
羽毛球发球时，球不能超过：	腰部
曾在家门帖上画不买给官家的画家是：	齐白石
煮茶用的水，以什么水为上？	山水
中国文学大师老舍曾写过一部科幻小说，它的名字是：	《猫城记》
哪国人最先制作出了牛奶巧克力？	瑞士
1、2、3、4、5、6、7七个唱名的发明者来自：	法国
金错刀是古代的一种：	钱币名
第九交响曲（即合唱交响曲）的作者是：	贝多芬
阿里山的姑娘是哪族民歌：	高山族
空手道原称	唐手
朱允文的都城时称	应天府
朱允文的所谓的尸体被朱棣晾了几天之后埋的？	九天
“忽如一夜春风来，千树万树梨花开。”请问此诗的作者是谁？	岑参
医用酒精是多少度	75
我国的地势是什么样的？	西高东低
高尔夫球起源于	英国
人民法院收到起诉状后，应当在多长时间内立案或者作出不予受理的裁定？	7日
奥黛丽·赫本没有主演过：	冬之狮
若想新春佳节水仙花香溢满厅堂，首先，要了解水仙花生长的适宜温度。科学试验证明对水仙的生长最适宜的室温为?	8-12°C
第一部被介绍到欧洲去的中国古典戏曲是哪部？	《赵氏孤儿》
在我国，刑法规定行为人负刑事责任的最小年龄是	14岁
在1994年到2003年十年的甲A联赛历史中，大连实德队共获得几次联赛冠军？	7
世界名车雪铁龙是哪国生产的？	法国
在2000年第27届悉尼奥林匹克运动会上，中国代表队获得了多少块金牌？	28块
上海市的电话区号是多少？	021
在二十四节气中，立秋的下一个节气是什么？	处暑
海洋的平均深度为多少米	3800
中国跳水在奥运会上获得第一枚金牌的运动员是	周继红
阿姆斯特朗是乘哪个飞船成功登月的：	阿波罗11号
上海的市花是什么?	白玉兰
按当前国际通用标准，纸张白度不应高于多少度？	84
按照蒙古的风俗，杀羊必须是：	剖开羊肚
按装机容量百分比计算，下列地区中可开发水能资源比重最大的是：	西南地区
第18届世界杯在哪个国家举行？	德国
在我国最早介绍俄国十月革命，宣传马克思主义的是：	李大钊
世纪坛造型是个大日晷它上面的指针指向：	南
蓝牙技术是一项无线电技术其传输范围在：	10米左右
曾经连续两次举办世界杯的国家是？	墨西哥
下列哪位诗人号香山居士？	白居易
下面不属于八卦的是	云
日伪时期亚洲最大的电厂在哪里？	中国
我国古代的四大发明中最早出现的是：	造纸术
为了牙齿的健康，采用正确的刷牙方法是相当重要的，下列哪一种说法是错误的？	采用横刷法
为汤姆·汉克斯第二次赢得奥斯卡最佳男主角奖的影片是……	《阿甘正传》
计算机图片中，可使用动画形式的图片格式是哪个？	GIF
中国唯一的将两个皇帝合葬的陵墓在	西安
汪精卫是有名的大汉奸，最后的下场是	病死在日本
王国维自沉于	昆明湖
《官场现形记》的作者是	李宝嘉
为了使水尽快结冰，你应该放入	雪
为了眼睛的健康，看电视时应做到离电视几米以上？	2米
玉米的原产地在	美洲
世界上第一个星球协会成立于何国？	英国
世界上最早的图书分类法，见之于哪本书？	《七略》
在中国北部沿海地区的土壤改良是以改良什么土壤为主	盐碱土
为避免风化而需要密闭保存的药品是	奎宁丁
中国古代计量容量的单位是升、斗、石，其中1石＝10斗；1斗＝10升；那1升＝10？	合
丝绸之路沿线面积最大的气候类型是	温带大陆性气候
太湖县位于我国哪个省？	安徽省
陈桥兵变是谁发动的	赵匡胤
五四运动爆发于哪一年的五月四日	1919
五四运动爆发于哪一年的五月四日：	1919年
汉高祖是：	刘邦
明朝最早的国都应天是今天的：	南京
基督教、伊斯兰教、犹太教都看作圣城的是	耶路撒冷
关于两河流域的叙述正确的是	两河指幼发拉底河和底格里斯河
第一个成为NBA状元秀的中国球员是谁？	姚明
中国足球甲A联赛开始于哪一年？	1994
《悲惨世界》是谁的作品？	雨果
“天生我材必有用”出自唐代诗人李白的哪一首诗？	将进酒
“古尔邦节”是一种什么节日？	宗教节日
在北美印第安人的神话中是哪种动物创造了世界，创造了人类？	乌鸦
方田均税是改革土地征税制度的一项重要措施，它最早出现于	北宋
“东床快婿”原本是指：	王曦之
《第二十二条军规》的作者是：	约瑟夫·海勒
西亚和北非同为灌溉农业，其主要农业区分布在	河谷平原和绿洲
联合国秘书处总部设在	纽约
“盅碗舞”是哪个民族的舞蹈？	蒙古族
南宋豪放词派的主要代表人物是	辛弃疾
李白诗作《送孟浩然之广陵》中的广陵指的是：	扬州
汤姆-汉克斯主演过：	《费城故事》
以下是《吕氏春秋》中的一些篇章，哪一篇是讲农业政策的？	《上农》
“三曹”出现在：	汉末
“皇帝”作为国家元首的正式称号，始于	秦始皇
人体内含有的染色体数为	23对
三十而立，四十不惑。六十是什么？	耳顺
北朝的四个朝代中哪个朝代统治时间最短？	齐
造纸术是哪个朝代发明的？	西汉
我国哪个城市以冰雕著名？	哈尔滨
“沙龙”源于哪国语言？	法国
坦克除顶上的出口外，另一个出口在哪？	底部
现代奥林匹克运动创始人皮埃尔·德·顾拜旦是	法国人
民间通常所说的鬼火是化学中的什么现象	自燃
世界最大的高原是以下哪一个？	巴西高原
古代人称的“大虫”是什么	老虎
我们熟悉的母亲节是源自与哪个国家？	英国
标志北宋诗文运动的最高成就的作家是	苏轼
下列选项中,哪一项不属于宪法所规定的公民的文化权利?	出版自由
《考工记》记载周王城街宽以车轨数计,干道宽几轨？	九
鲁迅的早期杂文集是	《且介亭杂文》
独角戏约产生于哪一年代？	20世纪20年代
世界语由哪国人发明	波兰
第一届奥斯卡最佳影片的名称为	《翼》
织一条普通成人穿的毛裤大概需用毛线	1斤2两
《皇帝的新装》的作者是：	丹麦的安徒生
以下常用救助电话，哪一个是故障电话：	112
北美的最高峰是	麦金利山
青岛方言中的“马虎”是什么动物？	狼
文学巨匠巴尔扎克是哪国人？	法国
鲁迅发表的第一篇白话小说是	《狂人日记》
千字文的第一句是：	天地玄黄
“一人有难，众人相帮；一方有难，八方支援。”这是人际交往中	互助原则的要求
世界上最大的内陆湖是什么湖？	里海
一个天文单位是指：	地球到太阳的距离
我国文学史上第一个大量写田园诗的诗人是：	陶渊明
降半旗是把旗子下降到距离杆顶	1/3处
人身上共有多少块骨头?	206
对下列音乐家的评述不正确的是	被称为“交响乐之父”的是巴赫
欧洲出现巴罗克、洛可可艺术是在	17、18世纪
“大陆架”是什么？	大陆在海底的延伸
南北朝称面条为什么？	水引
1916年美洲杯冠军是	阿根廷
第十届奥运会中国代表团共6人参加，但运动员仅一人，这个人是：	刘长春
古埃及各王朝修建的大大小小的金字塔共有	70多座
我们把古埃及法老坟墓叫做“金字塔”的原因是	它的轮廓有点象汉字“金”字
中国古代的罪名“贼”相当于现代的	伤害罪
中国的六大古都是哪个	北京、西安、南京、杭州、洛阳、开封
世界最大的海港为：	鹿特丹
“明修栈道，暗渡陈仓”中的陈仓是指现在的	陕西宝鸡
团旗的标准尺寸有多少种	三种
元朝开凿疏通大运河的直接目的是	南粮北调供应大都
我国有文字可考的信史是从商朝开始的，是因为	甲骨文记载的内容有些与《史记》相印证
东汉时期在生产上使用“水排”的进步意义在于	提高了冶铁的质量
清朝掌握外交事务的机构，依次序正确的一组为	礼部→总理衙门→外交部
755年,安禄山叛乱能够很快攻占洛阳、长安的主要原因是	唐朝内地兵力空虚
“澶渊之盟”的议定地点澶州是今天的	河南濮阳
明朝北京城由里到外的顺序是	宫城、皇城、京城
李自成建立的大顺政权控制的南部地区最远到达	淮河以北
春秋时期，最早的封建地主是哪些人转化而来的?	奴隶主贵族
战国时期还没有出现的手工行业是	制瓷业
隋唐时期,推崇佛教广建庙宇的统治者是	隋文帝与武则天
下列国家军队中，在第二次世界大战初期抗击德国入侵时间最长的是	挪威军队
我国棉花的种植从广东、福建扩展到淮河流域是在	南宋
王安石变法的直接目的是	增加财政收入
我国第一颗人造地球卫星叫	东方红1号
石油中碳和氢的含量占：	96－99％
民航喷气飞机使用燃料为：	煤油
著名画家黄胄最擅长画什么动物？	驴
中华民国第一任教育总长是	蔡元培
《费加罗的婚礼》是谁作曲？	莫扎特
景德镇瓷窑始烧于：	南朝
医学上将儿童1～3岁的阶段称为	稚龄期
四大名著里有两位行者，它们分别是《西游记》中的孙悟空和《水浒传》中的	武松
以下动物中春季最佳的水温测试员是	鸭子
中国女性画眉开始于什么时候	秦朝
潮州的简称是什么	凤城
谁最先测出引力常量G	卡文迪许
在计算机中信息存储的最小单位是什么？	字节
中国民间的“冬九九”是从哪一天开始的	冬至
“五更”大约是几点钟？	5、6点
世界上数学文明出现最早的地区是：	埃及
第一台计算机是在什么时候研制出现的？	1946
我国是在第几年研制出第一台计算机的？	1958
切断电源后，计算机所有信息丢失的存储器是什么？	RAM存储器
广东省第二大江是什么	韩江
在下列历史事件中，导致王朝更替的是	牧野之战
第二次世界大战的重大转折点是	斯大林格勒战役
近代史上，出现“中国不败而败”结局的战争是	中法战争
近代史上，最早提出在中国发展资本主义方案的是	农民革命领袖
“一．二八”事变中率十九路军在上海抗击日军侵略的是	蔡廷锴、蒋光鼐
全面抗战爆发后，中国军队首次取得胜利的战役是	平型关战役
第一次世界大战是一场	帝国主义战争
京剧中花旦是指	年轻女子
《天朝田亩制度》具有绝对平均主义性质，因为它规定	通过圣库制度平均分配所有农副产品
英国资产阶级革命结束的标志是	“光荣革命”
第二次世界大战后期，使德军陷入苏军和英美盟军夹击中的军事行动是	诺曼底登陆
19世纪中叶，德国人自上而下地完成了法国人曾经“自下而上千的事”。这个“事”的实质是	为近代化扫除障碍
在北京人之后、山顶洞人之前，生活在长江流域的原始人群是	长阳人
魏晋南北朝时期，士族享受政治特权的依据是	门第
成语“中流击楫”与下列哪一事件有关？	祖逖北伐
帝国主义国家开始在中国大规模投资设厂是在哪次战争之后？	甲午中日战争
下列合同中不适用合同法的是	收养合同
明初加强专制统治的措施中，与后来宦官专权有直接关系的是	设立厂卫特务机构
1933年2月，德国法西斯制造“国会纵火案”的企图是	镇压德国共产党
19世纪末，取得卢沟桥至汉口铁路代理经营权的是	比利时
半坡人和河姆渡人生活的共同点是	制造陶器
屈原被楚王流放的主要原因是	要求革新图强
中国民族主义的初步发展是在	甲午中日战争以后
中央政府管辖玉门关和阳关以西、天山南北地区最早的行政、军事机构是	西域都护府
元朝漕运路线最北的一段河道是	通惠河
百团大战作战区域涉及的主要抗日根据地是	晋冀豫、晋绥、晋察冀
1946年制定的《中华民国宪法》是伪宪法，因为	国民党召开“国民大会”是非法的
18世纪初和1861年俄国两次大的改革都是由沙皇推行的，这表明他们	已意识到使国家摆脱落后追赶先进的必要性
印度非暴力不合作运动的领导人是	甘地
著名的资产阶级启蒙思想家孟德斯鸠提倡	三权分立学说
下列不属于《马关条约》内容的是	允许日本在中国投资建筑铁路
新中国外交政策成熟的标志是	和平共处五项原则的提出
欧洲资本主义萌芽最先产生于	意大利
文艺复兴时期主要的社会思潮是	人文主义
英国资产阶级革命开始的标志是	1640年新议会的召开
奴隶贸易泛滥最早开始于	16世纪早期
19世纪80年代开始在俄国传播马克思主义的是	普列汉诺夫
16世纪到18世纪下半期，欧洲工业生产组织的基本形式是	工场手工业
太阳在什么时候距我们最近？	冬天
德国首相俾斯麦推行反社会主义“非常法”的主要目的是	巩固和加强刚刚统一的德意志帝国
千里送鹅毛,礼轻情意重.这鹅毛是送给谁的	李世民
有迁徙习性的候鸟一般：	越重越能飞
签定《尼布楚条约》是在哪个皇帝时期：	康熙
南北朝时期的优美民歌《敕勒歌》出自	鲜卑族
我国开始进入社会主义初级阶段的标志是	社会主义改造的完成
属于我国特产的是	柿子
河马常常潜伏在水中，每隔3—5分钟到水面呼吸一次，最长能潜伏	半小时
玉米茎基部产生的根属于	支持根
狗不理包子的原产地是哪里:	天津
扑克牌上的Q代表什么:	皇后
我国哪个城市的雨花石最有名	南京
海啸一般是由什么引起的？	地震
武当山上的“金顶”是由什么材质制成？	铜
人们戏称什么人是“王老五”？	大龄未婚者
古代的铜壶滴漏用于：	计算时间
下面哪种饮料有一定的催眠作用？	汽水
我国风能总储量约为16亿千瓦，其中可利用为十分之一。我国的风库在	吐鲁番
世纪之交，湖南的第二大城市是：	衡阳
堪称当时世界之最，却加速民不聊生、王朝倾覆的宏大工程，除隋朝的大运河外，最为典型的是	秦长城
《梦溪笔谈》的作者沈括是：	宋朝人
助消化的药物应在什么时候服用？	饭后
矾山镇，有"世界矾都"之称。明洪武年间，便有人在此挖矿炼矾。目前，这里矾矿储量占世界６０％，年产量占全国７０％。你知道它在我国的那个省吗？	浙江
“知识就是力量”是谁的名言？	培根
我们平常吃的海带属于	褐藻
新西兰卫生部时常告诫游人小心“黑寡妇”的伤害，“黑寡妇”是指：	一种蜘蛛
澳门大学以前叫什么大学？	东亚大学
甲午战争是中国和哪一个国家交战？	日本
《中华人民共和国老年人权益保障法》于何年何月何日开始施行？	1996年10月1日
卡拉OK兴起于哪国？	日本
河马为什么总在水里躲着不上岸？下列哪一个原因不正确：	不适应外界温度变化
第一块敌后抗日根据地的开辟者是	贺龙
新中国第一次以世界五大国的地位出席的国际会议是	莫斯科会议
下列不属于计算机网络功能的是	数据存储与数据备份
网络按覆盖的地理范围分类，主要分为	局域网和广域网
以下哪种被称九月的诞生石？	蓝宝石
等质量的镁、碳、硫在足量的氧气中完全燃烧时，消耗氧气的质量比是：	2:8:3
永乐大典是在哪里编成的？	南京
人的一生有多少个乳牙？	20
古代驻军只住两夜叫什么？	信
西方侦探小说的鼻祖是谁？	爱伦.坡
扁鹊原名是？	秦越人
世界上最大的哺乳类动物是:	蓝鲸
古文中骈指的是几匹马拉车？	2
2003赛季世界一级方程式比赛共有几站?	17
经济学中的“资本资产定价模型”是由哪一位提出的？	夏普
古人用十二地支表示一天的十二个时辰，每个时辰两个小时，申时指的是什么时间？	15点-17点
薰衣草是原产于地中海一带的一种植物，请问它是下面哪个国家的国花？	葡萄牙
中国第一个小说批评家是谁？	金圣叹
中国秦代唯一的作家是谁？	李斯
头盔产生于	1914年，最早装备法军
“自在飞花轻若梦，无边似雨细如愁”是哪位词人的名句？	秦观
佛教四大名山中，相传为观音菩萨所居之处的是	普陀山
正常情况下，人的心跳在一分钟内约跳多少次？	70
把电阻值不相同的两段电热丝串联起来通电时间相等流过它的电量和产生的热量的关系是	电量相等、热量不等
人体哪处的皮肤对外来刺激最敏感？	手指尖
眼球是什么形状的？	圆球体
被称为活化石的植物是	水杉
《西游记》中王母娘娘的原型是西王母，那么西王母在我国的神话传说中最早是掌管什么的神的？	刑狱
报考机动车驾驶职照规定的视力规定在多少以上	0.7
茶之中含有什么物质可以减少吸收食物中的铁质	单宁酸
清华大学建于哪一年？	1911
F1美国站在美国的哪个城市举行	印第安那波利斯
强光下，瞳孔会有什么变化？	变小
世界艺术之都是：	法国
红木家具的原料是？	紫檀
目前，我国年器官移植数量位居世界第几名，其种类和成功率也达到或接近世界先进水平？	第二
达·芬奇用了几年时间完成了《蒙娜丽莎》这幅画?	4年
婚龄50年是：	金婚
法国人忌讳什么颜色？	灰绿色
我国最早迎接新年的省份是	黑龙江
“天津三绝”指的是什么？	十八街麻花、狗不理包子、耳朵眼炸糕
被称为曼哈顿桂冠诗人的是谁？	欧.享利
北半球太阳直射地球距离最远的一天是？	12月1日
中国古称“九州”，九州指哪九州？	冀兖青徐荆阳豫梁雍
伊拉克位于什么地区	中东地区
传说中“西施”在吴国兵败后的命运如何？	跟范蠡远走高飞
下列哪一种灭火设备对环境有损害？	卤代烷
请你说出晴朗的天空里，天上能看到星星大约个数	3000
哪位著名音乐家被称为'交响乐之父'？	海顿
世界上第一只高压锅是哪一年发明的？	1681
我国瓷器的发明大约有多少年的历史了？	3000
刺绣是我国著名的传统工艺之一，约有多少年的历史了？	3000
万里长城在哪一个时期开始兴建的？	秦代
我国的京杭大运河全长多少？	1794
音乐中能独立存在，能表达完整意思的最小单位是什么？	乐段
哪种乐曲形式是富于戏剧性的大型管弦乐套曲？	交响乐
2002年，我国国家外汇储备已达多少亿美元	2864亿美元
西斯廷教堂屋顶的壁画是由哪位大画家所画的？	米开朗奇罗
提出大陆漂移说的人是谁？	魏格纳
被誉为'浙大保姆'的是哪一位科学家？	竺可桢
名画《清明上河图》描写哪个城市的世俗生活与节日景象？	开封
足球运动在哪一年被列为奥运会比赛项目？	1900
名画《清明上河图》的规格是多少？（单位厘米）	528.7*24.8
条件反射学说的创立者是谁？	巴甫洛夫
第一位培养育出没有外祖父的癞蛤蟆的科学家朱洗是哪个省的人？	浙江
网球运动起源于哪个国家？	法国
“扬州八怪”是哪一时期在江苏扬州活动的一批职业画家？	康熙
下列哪种书体在唐代时发展到鼎盛？	楷书
自行车的发明者德莱斯原本是从事什么工作的？	看林人
哪种金属能杀菌？	银
'平衡木'运动中用到的平衡木，有多少长？（厘米）	500
下列哪幅作品被认为是“画笑最出色的一幅”？	吉普赛女郎
电视的发明者是谁？	贝尔德
名画《夜巡》是谁的作品？	伦勃朗
中国象棋的棋盘中，上方和下方划有交叉线的地方叫什么？	九宫
莫高窟现存的彩塑像有多少尊？	2000余
天安门广场中心的人民英雄纪念碑建成于何时？	1958
堪称中国足球悲剧的“恐韩症”，开始于何时？	1978
雕像作品《卡拉卡拉》是何种雕像？	古罗马雕像
下列哪幅作品是由大画家--'八大山人'所作？	荷花水鸟
世界上第一个股票交易所诞生在哪个国家？	荷兰
中国的第一部模拟移动电话开通于哪一年？	1987年
被称为“死亡音乐”的乐曲名字叫什么？	黑色星期天
哪一年天安门城楼对外开放	1988
名画家董源是哪个朝代的人物？	五代
钱塘江铁路公路两用桥是谁设计的？	茅以升
下列哪幅作品是由画家马远所作？	雪景图
哪种维生素可促进钙的吸收？	维生素B2
中国古代航海家郑和曾几下西洋？	7
著名小说家、剧作家罗曼.罗兰是哪国人？	法国
在哪个世纪欧洲盛行华贵绮丽的绘画艺术风格？	17
联合国教科文组织总部设在哪里？	巴黎
以下哪位画家发表了“现实主义宣言”？	库尔贝
名画《伏尔加河上的纤夫》的作者是谁？	列宾
中国从何时起开始开洞造像（石窟雕像）？	魏晋
中国足球协会成立于哪一年？	1955
名画《自由引导人民》表现了哪国人民的反封建斗争情景？	法国
最多功用的器官是什么？	肝
日食一定发生在哪一天	农历初一
1868年明治维新后，明治天皇从京都迁都江户，江户现在是哪个城市？	东京
下列哪条河流被称作“德意志之母”？	摩泽尔河
战斗机飞行员在紧急情况下如何迅速脱离飞机？	依靠火箭弹射出座舱
独联体由多少个国家组成？	11
哪个不是澳大利亚特有的动物？	大食蚁兽
下列哪个不是初唐四杰之一？	王维
你知道“睡莲”是哪个国家的国花吗？	泰国
我国古代数学家祖冲之的字是什么？	文远
下面哪条不属于“牛顿三定律”？	万有引力
下列哪位著名科学家为真理献身，被烧死在鲜花广场的？	布鲁诺
下列球员中哪位转会频率最高?	维埃里
“梁三喜”这一艺术形象是哪一部电影中的人物？	高山下的花环
美国第一位被享有国际名誉的科学家是谁？	富兰克林
第一届现代奥运会在何地举行的？	雅典
《送子天王图》是我国哪位著名画家的作品？	吴道子
1990年第十一届亚运会在何地举行？	北京
2002年，我国国内生产总值首次突破10万亿元，经济增长率达	8%
电流的单位的什么？	安培
中国哪个民族的舞蹈表现骏马奔驰的形象特别多？	蒙古族
我国著名画家顾恺之是哪个朝代的人物？	魏晋
《义勇军进行曲》是由谁谱的曲？	聂耳
《十面埋伏》是一部什么曲目？	琵琶曲
口琴这一乐器诞生于哪个国家	德国
谁在1608年制造了世界上第一个望远镜？	伽利略
影片《红高粱》是由谁执导的？	张艺谋
哪种舞蹈被称为“跳跃和旋转的艺术”？	芭蕾
下列哪项不属于'小说三要素'之一？	时间
电影最基本的单位是什么？	镜头
中国人第一次拍摄影片是在什么时候？	1905
因为各国习俗不同，所以各国的花卉消费也不尽相同，世界上花卉消费最多的国家是德国，你知道其年消费量达到多少亿美元吗？	30
通心粉是哪国的名点	意大利
信息论的奠基人是谁	申农
现时陆地界上最巨大的食肉动物是什么?	大棕熊
陆地上最高的哺乳动物是什么?	长颈鹿
陆地上最重的哺乳类动物是什么?	大象
以下哪种是有鳞的哺乳类动物?	穿山甲
《成实论》属于哪个宗教的论书？	佛教
蜈蚣又名什么?	百足
李白在《上安州裴长史书》中“见张人相如大夸云梦之事，云有七泽，遂来观焉。”把谁称为自己的同乡？	司马相如
“清风两袖朝天去，免得闾阎话短长。”在这里，“闾阎”借指什么？	百姓
照顾幼蜂是哪一种蜜蜂的责任？	工蜂
白熊生长在什么地方？	北极
昆曲起源于	江苏
绝大部分的鱼是用什么器官呼吸的？	鳃
米是植物中的哪一部分？	种子
张家口位于	河北
下列哪个是伯拉姆斯的作品	摇篮曲
网球运动可以追溯到13世纪的哪个国家？	法国
《当家主母》是哪位言情小说家的作品？	席娟
被授予人民艺术家荣誉奖状的是：	老舍
成人呼吸窘迫综合征的英文简称为：	ARDS
你知道三国时期吴国的首都建业是现在哪一个城市吗？	南京
太阳系中自转最慢的行星是	金星
古代名医孙思邈创造了“以痛取穴”的针灸法，他把这个穴叫做“阿是穴”，这个名字源于：	病人的话
巴林在东半球的哪个地区？	波斯湾
芭蕾起源于哪个国家？	意大利
第一宇宙速度为：	7.9公里每秒
个人计算机(PC)属于()类型	微型计算机
八大山人有几个人？	1个
太阳耀斑位于太阳大气的	色球层
太阳系行星中在地球上看起来最明亮的是	金星
白暨豚在水中靠什么探测和识别物体？	听觉（声纳）
长庚是中国古代对哪一颗行星的称呼?	金星
水浒中号称智多星的是	吴用
白马非马出自谁口?	公孙龙
白鳍豚是哪国特有的一种极为罕见的珍贵动物？	中国
国际奥委会成立于	1894年
圆明园大水法遗址是在哪一年被英军焚毁的？	18 60年
按我国现行的邮资标准，寄一封外埠平信的邮资是：	80分
我国海拔最低的地方是：	土鲁番盆地
巴顿是第二次世界大战中美军最有作为的高级将领之一，他在二战中取得了惊人的战绩，请问巴顿取得的最高的军衔是几星？	四星
我国的教师节是：	9月10日
世界上最早使用导尿法的名医是谁？	华佗
黄河的源头在哪一个省？	青海
计算机能直接执行的程序是	机器语言程序
朱允文是他爹的	次子
法国日本海军在8·13抗战时停泊在上海的舰队旗舰是：	出云号
奥运火炬的起源和谁有关？	普罗米修斯
哪吒的故乡陈塘关是现在的：	宜宾
贝多芬是哪国人？	德国人
贝尔福宣言是哪个国家发表的？	英国
被称为命运交响曲的是贝多芬的	第五交响曲
下列乐器中不属于民族乐器的是	长笛
被称为太阳王的国王是谁？	路易十四
被当时的国际舆论界赞誉为东方的隆美尔的抗日名将是：	孙立人
汽车大修送修标准：货车以发动机为主，结合车架总成或其它（）总成符合大修条件。	三个
报考机动车驾驶员要求每只眼睛的视力不低于：	0.7
广岛原子弹是哪一年爆炸的	1945
美国中央情报局的英文简写是	CIA
北宋哪位诗人曾隐居在孤山，以梅为妻，以鹤为子？	林和靖
被誉为“白金之国”的是	乌兹别克斯坦
德国的宇航，飞机制造，微电子中心在哪？	慕尼黑
长江全长多少公里？	6300
多瑙河注入哪个海？	黑海
保险丝常采用什么材料？	铝锑合金
获得2002年诺贝尔文学奖的伊姆雷.凯尔泰兹是哪国人	匈牙利
《题昭君》是谁写的？	翦伯赞
人有几块骨头？	206块
“大陆漂移假说”是谁发现的？	魏格纳
玉阶生白露，夜久侵罗袜（作者李白玉阶怨）的后两句是？	却下水精帘，玲珑望秋月。
请问电脑配件中CPU是什么？	中央处理器
在亚洲第一个建立社会主义国家的是	蒙古
第一届冬奥会于哪年举行即夏蒙尼冬奥会	1924
因暗杀未遂，被曹操断九指，割舌，分肢体而死的是谁？	吉平
星星一闪一闪的原因跟下列哪个原因有关？	大气密度改变
世界上最重的“猛犸”相机有多重？	635千克
名落孙山中的"孙山"是一个	人名
5 我国最早的银币（银布币）出现于什么时候？	春秋
诸葛亮第六次伐魏时谁曾到营中诈降？	郑文
“夏季高温多雨，冬季寒冷干燥”是哪个城市的特点	长春
人们常说的迭戈是哪一位伟大的球星？	马拉多纳
下列我国古代四大发明中，用水较多且目前该工业生产极易造成污染的是	造纸
下列哪个国家以白种人为主？	印度
苏轼“三贬”之地是？	黄州、惠州、儋州
战国七雄中，在春秋时期称过霸的是（）	齐、楚、秦
郑和共几次下西洋？	7
铅酸蓄电池的主要原材料是：	铅
鸡鸣狗盗是出自哪位战国公子门下	孟尝君
铅酸蓄电池单体的额定电压是：	2.0V
马拉多纳是在对哪支球队用上帝之手打进一球的？	英格兰
“狮城”是哪里？	新加坡
人类最先使用的制造器具的金属是	铜
世界上盐度最低的海是下列哪一个？	波罗的海
“A”是美军哪种飞机的代号？	攻击机
英语中“文化”一词原意是指：	耕作
世界上第2大河是下列哪一条？	刚果河
上网时会发现很多网站都有自己的“镜像网站”，在这里“镜像”是指什么意思	原物的一份拷贝
“六艺”不包括	诗
无期徒刑的假释考验期限为？	10年
我国的晶体管计算机是哪一年研制成功的？	1965年
背跃式跳高发明者福斯伯利是哪国人	美国
世界围棋史上第一位获得大满贯的棋手是？	李昌赫
肯德基的英文缩写是什么？	KFC
下列何者不属于三原色	黄色
“黔驴技穷”这一寓言故事的作者是谁？	柳宗元
九歌是谁的作品	屈原
美国现有多少个州？	50个
美人树的学名是？	白桦
银杏的叶子除了有黄绿的颜色之外，还有什么色？	墨绿色
我国名城昆明被人们称什么？	春城
电影“一江春水向东流”的片名，摘自我国古代谁的词作？	李煜
以下不属于敬称的是什么？	臣
在远古神话中追逐太阳的是	夸父
孟尝君招收到门下的人才称为	食客
姚明的身高是？	2.26
产品生命周期理论是以下哪个经济学者提出的？	维农
希腊神话中智慧女神是	雅典娜
那个动物能轻松制服刺猬？	黄鼠狼
沿海国最多的洲是：	非洲
人类诞生于多少年前？	500万年前
下列哪一称谓与雅典的梭伦不相符	哲学家
诺曼底登陆发生于1944年：	6月6日
悉尼大学始建于：	1850
8个体积相同的小球，其中一个比其它七个稍重，用天平最少称（）次就可找出稍重的小球	2
萨克斯的发明者是法国人：	阿道尔夫·萨克斯
《全球通史》是当代哪位著名历史学家的著作？	斯塔夫里阿诺斯
古言所谓:吃在广州,玩在杭州....哪死在什么州?	柳州
章鱼的眼睛长在身体的哪个部位？	后面
美国的第一任总统是谁？	华盛顿
黑色的对比色是白色,绿色的对比色是红色,那黄色的对比色是什么?	紫色
人体的肉体骨养份由炭与水构成,其比例是:	3:7
上海金茂大厦高420.5米,居本世纪中国第一高建筑,问有几层?	88层
世界上哪个国家国旗上有本国地图？	塞浦路斯
在俄罗斯总共进行过几次车臣战争：	2
第一个进入太空的是哪国人？	苏联
抗日歌曲“大刀进行曲”是哪位作曲家的作品？	麦新
什么宗教在俄罗斯是主要的宗教：	东正教
围棋中依国际标准规何者先落子？	黑子
司马光，司马迁，司马昭，司马懿，哪位司马先生出生最早	司马迁
在WTO中，哪一种方式是唯一合法的保护方式？	关税
俄罗斯最后一位沙皇是谁：	尼古拉二世
60年代哪个国家的宇航员首次登上月球？	美国
最早侵占中国领土的西方殖民者是（）	葡萄牙
小孩乘坐火车身高达到多少时必须购买小孩票？	1.1--1.4米
李、王、张三个姓氏占总人口的百分之多少？	22.4%
西迁节是我国哪个民族的节日？	锡伯族
珠穆朗马峰位于（）	中、尼过境
世界上最高的岛屿	新几内亚岛
最早的风筝用于战争是在哪个朝代？	楚汉争霸时期
乐山大佛耳朵长	7米
号“易安居士”的是？	李清照
从哪一年起，我国开始实施新的国家强制性产品认证制度？	2002年5月1日
当代作家王小波的小说《万寿寺》内容取材于以下哪部作品？	《甘泽谣》
人在运动时要流汗的原因是（）	使体温保持正常
诗句“每逢佳节倍思亲”中的“佳节”原意	重阳节
中英〈南京条约〉是中国近代史上第一个不平等条约，哪一年签定的	1842年
长篇小说〈鲁滨逊漂流记〉的作者是	笛福
人的乳牙有多少颗	20颗
龟的感觉中最差的是	听觉
在民航飞机都要安装“黑匣子”的原因是（）	飞机失事记录资料调查原因
重阳节是缘于下列哪个历史人物	老子
新春燃放爆竹的风俗始于	汉代
温度有上下限吗？	只有下限没有上限
《迟到的青年》是以下哪位作家的作品？	大江健三郎
世界最重要的IT高科技产业基地硅谷位于美国的那个州	加利弗尼亚州
电影（刘三姐）是反映什么民族的故事	壮族
天知、神知、我知、子知，最早是汉代人杨震说的，他说这句话的目的是：	拒绝收礼
“五经”是五种儒家经学典籍的合称，下列哪一种不在其中？	论语
蚯蚓在土壤中吃食时	头朝下
目前流行的E-mail的中文含义是	电子邮件
中国历史上第一家证券交易所成立在	北京
我国于哪一年收回香港主权？	1997年
世界人口日是哪一天？	7月11日
世界上哪个国家国旗为三角形？	尼泊尔
撑竿跳高所用“竿”的质地是：	玻璃纤维
我国少数民族中人口最多的是（）	壮族
绯闻最多的美国总统是	肯尼迪
中国近代史上睁眼看世界的第一人是？	林则徐
苏轼除了字子瞻之外，还字什么？	和仲
欧洲中世纪什么样的人不能佩带钻石	商人
《三国演义》中,赔了夫人又折兵的是谁?	孙权
下列哪一节气与其它三个不在同一季度？	处暑
我国商标权的保护期为	10年
《广陵散》是谁的作品：	稽康
日本是哪年偷袭美国的珍珠港	1941
海军礼炮每响隔几秒钟？	5
《儒林外史》的作者是	吴敬梓
国际开发协会和国际金融公司属于以下哪一国际金融机构？	世界银行集团
美国国旗上有（）条纹？	13
1945年日本政府正式宣布无条件投降的时间是？	8月15日
《诗经》作品收集了哪一历史时期的诗歌	西周到春秋
人民英雄纪念碑高多少米	37
英国王妃戴安娜是在哪一年去世	1997
新民主主义社会属于以下哪一社会范畴？	民主主义范畴
我国建成的第一座长江大桥是：	武汉长江大桥
芦笙舞是哪一少数民族的舞蹈	苗
伊拉克这个国家在哪个洲？	亚洲
最长的海峡	莫桑比克海峡
撇刀敬礼时，刀刃像哪一边	左边
第二次世界大战中，国际反法西斯统一战线形成的标志是？	《联合国家共同宣言》
个人存款整存整取最低限度为几个月？	3
下列哪首歌是奥地利的第二国歌？	《蓝色多瑙河》
世界野生生物基金会的会徽是	大熊猫
周长一定的三角形中，怎样的三角形面积最大？	等边三角形
老舍的《骆驼祥子》连载于下列哪一刊物？	《宇宙风》
最早的血压计是用于测量哪种动物的	马
金瓶梅出自哪个朝代？	明代
世界文化景观在中国的	庐山
《史记》中的“世家”是给什么人作的传	诸侯王
世界文学画廊中唯一的国文学形象是?	阿Q
成都的市花?	芙蓉花
第一次发现月外卫星是哪年	1961
“何当共剪西窗烛，却话巴山夜雨时。”语自：	李商隐
中国清末最早的海军学堂是	船政学堂
成年人的鼻子一天要处理大约多少立方米的空气	14立方米
全国每年跑、冒、滴、漏的淡水是	20亿立方米
命名“好望角”的人是：	麦哲伦
现在知道的我国境内的较早古人类有	元谋人
著名的“户撒刀”是哪个少数民族的特色手工制品？	阿昌族
我国最早创办海军学校的人是	左宗堂
泰戈尔获哪年的诺贝尔文学奖	1913
欧元于何时正式诞生	1999年1月1日
天安门前人民英雄纪念碑背面的碑文是谁题写的	周恩来
“天龙八部”是指佛教中的什么	八位护法
标志18世纪末法国资产阶级革命结束的事件是	热月政变
音速是每秒多少米？	360
中国民间为什么要吃腊八粥	纪念释迦牟尼
“渭城朝雨邑清晨”发生在现在陕西的什么地方?	灞桥
以下哪座山不属于“五岳”？	黄山
英国的面积相当于我国的哪个省?	江苏
第一位任国际足联副主席的华人是	李惠堂
下列科学家同时得到过图灵奖和诺贝尔奖的是？	西蒙
下列哪个国家不是联合国常任理事国？	德国
世界上最大的陨石坑位于?	美国
李白的诗句“疑是银河落九天”描绘的是中国哪座名山的瀑布。	庐山
吃元宵始于哪个朝代	宋朝
蒙古第一次西征是	1217年至1223年
中国最热的地方在哪?	吐鲁番盆地
生物进行一切生命活动的基础是：	新陈代谢
水在多少度沸腾关键取决于哪种因素？	大气压
下列哪条河为内流河（指不流入海洋的河）？	伏尔加河
相对论是谁提出的？	爱因斯坦
下列哪一种武器是国际法明确规定禁止在战争中使用的？	芥子气炮弹
‘桃园三结义’是哪部名著里的故事？	三国演义
自然界中已知的最硬的物质是：	金钢石
佛教是从（）传入我国的？	印度
传奇剧本《牡丹亭》的作者是：	汤显祖
被称为“天下齐秀”的山峰是（）。	雁荡山
在古代，谁采取“明修栈道，暗渡陈仓”的计策，平定三秦？	韩信
NBA在哪一年创立？	1946
下面哪种动物南极和北极都有？	海豹
诺贝尔奖共分设多少项？	6
“建元”是我国哪一个皇帝使用的年号？	汉武帝
维生素B2又叫什么？	核黄素
二战中有多少个国家参战？	60多个
金庸小说中，被誉为武侠散文诗的是	白马啸西风
广东是处于哪一种气候区域？	亚热带
以下哪种干果中的脂肪含量最高	核桃
“冬天到了，春天还会远吗”语出	雪莱
下列属于电脑的输入输出设备的是	软驱
拿破仑是哪个国家的人？	法国
诺贝尔哪一年发明雷管？	1867
洋葱是哪一个部分？	茎
我国四大藏书阁之一的文朔阁坐落于	沈阳
第一届室内足球比赛是在哪一年举行的？	1978
民间所说的鬼火其实是哪种化学元素的作用	磷
我国第一个五年计划从哪一年开始？	1953
世界上最大的火电站	日本
《容斋随笔》是谁的著作？	洪迈
“鲁大海”这个艺术形象出自哪部作品？	雷雨
世界最大的湖中之湖位于哪个国家	加拿大
国际外汇市场上的汇率有几种表示方式方法？	2种
下面的女演员中哪位是京剧演员	关肃霜
国际分工产生和发展的基础是	自然条件
统一公司大陆总部设在哪？	上海
成为我国上世纪30年代文化革命的主将的是：	鲁迅
下列哪个皇帝迁都北京？	朱隶
我们常吃的辣椒属于什么类蔬菜	茄果类
“镭射”指的是	激光
石达开最后兵败于：	四川省
下面哪一个是恒星：	太阳
下列哪个不是我国四大名楼？	鹤雀楼
第一个到达南极的人是哪国人？	挪威人
夏天大象不停地摇动耳朵主要是为了	降低体温
所谓的"33211"环境工程中的一海是指什么海	渤海
下列不属于“唐宋八大家”之一的是：	李白
在保护贸易理论中，保护幼稚工业理论的提出者是	李斯特
国家规定人体允许通过的工频电流为多少毫安？	30毫安
清洁的空气中含有多少氩?	0.93%
我国的“天府之国”指的是哪里？	四川盆地
世界上第一枚邮票诞生在	英国
《存在与时间》是谁的作品？	海德格尔
太阳直射北回归线时，应是北半球的：	夏至日
被称为中国古代第一个监狱的羑里城位于现在的：	安阳
蟋蟀，金钟儿的“耳朵”长在哪里？	腿部
我国测量海拔是以什么海的平均海拔平面作为零点	黄海
布达拉宫最初是为谁建造的?	文成公主
人民代表大会是我国的：	国家权利机关
公元618－907年是我国古代哪个朝代	唐
“读书破万卷，下笔如有神”，这是谁的诗句？	杜甫
伊拉克共和国的石油储量居世界第几位？	第二位
阿诗玛是那个民族的故事？	彝族
白鳍豚有什么美誉？	长江女神
电脑运算和控制的核心是什么？	CPU
中国人民银行成立是哪一年成立的？	1948年12月1日
我国铁路第一次提速是在哪一年？	1997年4月1日
地球的重力为月球上的	6倍
明朝第十七任皇帝朱由检在位18年，实际当权17年的宦官是哪一个？	曹化淳
中国对外国派遣维和人员是从哪一年起？	1990年
第一届现代奥运会于哪年举行？	1896
新加坡的得名与一动物有关，这个动物是	狮子
小荷才露尖尖角，早有蜻蜓立上头的作者所处的朝代是	宋朝
太湖大桥（江苏吴县市）有什么称号？	中 国内湖第一桥
我国兴办经济特区完成立法程序是在什么时间？	1980.8
金庸的小说《射雕英雄传》中欧阳锋和欧阳克是什么关系？	父子
弱冠指的是：	二十岁
世界上最早用鲜花报时的城市是？	瑞士的日内瓦
我国古代的“寅”时指现代的什么时间？	3-5点
中国建都历史最长的城市是	西安
小说《老残游记》反映的是什么时期的社会现实	清朝末期
世界上最早产生基督的国家是	巴勒斯坦
世界上花卉消费最多的国家是？	德国
请问四大古典名著中的《红楼梦》是谁的作品？	曹雪芹
农历中“清明”的意思是	天气晴朗，万物滋生
中国乒乓球队在哪一次奥运会上实现了第一次“大满贯”？	亚特亚大奥运会
中国第一次派遣工兵部队参加维和行动是从哪一年起？	1992年
欧洲最长的河流是	伏尔加河
乐器中的圆号又称：	法国号
口腔炎可能因为缺乏什么引起？	维生素B2
乐山大佛在：	四川省
雷电形成的瞬间电流可达：	25-50万安培
城市规划师霍华德是哪个国家的人？	德国
国际米原器是由铂和下面哪一种金属的合金制成？	铱
罗大佑的作品有：	恋曲1990
雷克亚未克是哪个国家首都？	冰岛
老年人每日的正常睡眠时间应是多少小时：	5～6
太阳生命的终点是什么？	白矮星
率先使用毒气攻击的是：	德国
孔子在家里的排名：	老二
老年人吃菜应多加些：	醋
目前我国存本取息定期储蓄的起存金额为	5000元
世界“时区”的起点格林尼治原是	一座小山峰
“下榻”的最初意思是	把床放下来
口服维生素C剂量每日超过1克可导致：	腹泻
老舍创作于40年代的作品是：	四世同堂
对联“贵有恒何必三更起五更睡，最无益只怕一日曝十日寒”的作者是	毛泽东
从1901年到1973年的72年中共有多少名犹太人获得诺贝尔奖？	65
现效力于曼联的范尼是哪国人？	荷兰
撒尿小孩铜像坐落于：	布鲁塞尔
著名小说家金庸是哪次国际中文辩论赛的评委	狮城中文国际辩论赛
金庸小说《鸳鸯刀》中的鸳鸯双刀，一刀上刻着“无敌”，另一刀上刻着什么	仁者
上海市闸北区的闸北公园内，有一座宋教仁先生的墓，请问该墓建于什么年代？	1914
青铜是铜和哪种金属的合金？	锡
揠苗助长的故事是谁讲的？	孟子
唐代著名文学家刘禹锡字	梦得
“绝对零度”是	摄氏-273.15度
智者千虑，必有一失语出	《晏子春秋》
在常温状态下唯一呈现液态的金属是哪种？	汞
伽利略用他的望远镜首先来观察：	月亮
罗马对外扩张第一个目标就是迦太基占领的：	西西里岛
三北防护林体系不包括的省区是：	河南
古希腊神话中被称作智慧女神的是哪一位？	雅典娜
金庸小说《天龙八部》的书名有什么含义	佛教名词
在中国古代传说中，伏羲和女娲是什么关系？	兄妹关系
《西厢记》是元杂剧的四大爱情剧之一，它的作者是	王实甫
世界上羽翼最大的鸟是哪一种鸟？	信天翁
“暹罗”是古代中国对哪个国家的称呼？	泰国
“日出江花红似火，春来江水绿为蓝”是谁的作品：	白居易
胆汁由什么器官分泌：	肝细胞
因环境污染损害赔偿提起公诉的时效期间为几年？	3年
著名影片《魂断蓝桥》的桥是哪座桥？	滑铁卢桥
牙膏里面有的加了珍珠粉，起的作用是	摩擦剂
我们日常使用的硬币的分币石铝和什么的合金？	镁
被尊为南派山水画创始人的是那位著名画家？	董源
《富春山居图》是谁的名作？	黄公望
美国电子工程师何时制成世界上第一块集成电路?	1938
人脑控制人平衡力的是：	小脑
美国历史上第一所高等学府是：	哈佛大学
棒棰”可用来婉指：	人参
死刑只适用于（）犯罪分子	罪行极其严重的
营养物质大部分在哪一器官吸收：	小肠
我国是世界上具有悠久历史的国家，我国古代劳动人民开始炼铁的历史时期是	春秋时期
有一种角象鹿、头象马、身象驴、蹄象牛的动物俗称“四不像”它的学名叫什么？	麋鹿
熊猫是我国的国宝，那么熊猫属于哪一科？	猫熊科
龙涎香出自什么鲸？	抹香鲸
人体分解和代谢酒精的器官是：	肝
紫菜长在浅海的：	岩石上
生物进化的方向决定于：	自然选择
蟋蟀是靠什么发出鸣叫声的？	翅膀
DNA物质主要存在于：	染色体中
欧洲中世纪流行的“黑死病”实际是	鼠疫
银杏属于什么种类水果？	坚果类
企鹅产卵的季节一般是：	秋季
蝴蝶翅膀上的粉末有什么作用：	防水
下列哪种鸟类只会生蛋不会孵蛋：	杜鹃
成人共有骨多少块？	206
人体可以导电是因为人体中含有：	水
蕨类植物的输导组织中，运送水和无机盐的结构和运送有机物的结构分别是	管胞、筛细胞
蜻蜓点水是为了	产卵
香蕉是几倍体	三倍体
生物体内最多的有机物是	蛋白质
哪种是真正的鱼？	鳝鱼
谁的心跳最快？	狗
下列哪种动物的基因与人类的基因最相似：	猪
下列哪种植物不能在一块地连续种植？	西瓜
现存鸟类中的最大的鸟蛋是：	鸵鸟
既属于哺乳动物，又要靠生蛋来繁殖后代的是：	鸭嘴兽
在气温很高时，人主要通过哪种方式散热以保持正常体温。	出汗
许多动物都拥有带电或发光的器官，对这些器官用途说法不正确的是：	可以用来照明
下列水产品中，哪种鱼又称“净海龙”？	带鱼
大部分人的心脏是偏向哪一边？	左
下列哪种树的叶是针形的？	松树
上消化道出血最常见的原因是什么？	胃、十二指肠溃疡
螃蟹吐出的白沫有什么作用？	呼吸
人体汗腺分布最多的部位是什么地方。	手掌和脚底
当肌肉收缩，肌肉会有什么变化？	变短
眉毛的生长周期有多久？	2个月
士多啤梨是什么水果？	草莓
人体最大的解毒器官是：	肝脏
正常人体体细胞有多少条染色体	46条
海参逃避危险时候要抛掉身上的哪个器官？	肚肠
遇敌时，鳄鱼会用身体的哪个部分进行攻击：	尾巴
动物学家把哪些动物称作厚皮动物：	野牛、犀牛
指甲苍白最多见于什么病？	贫血症
唯一能够前后左右飞行的鸟是	蜂鸟
外科手术按手术难度分为大中小三类，肝叶切除手术属于	大手术
以下哪种室内盆栽植物是常年开花的？	非洲紫罗兰
心脏中哪个壁最厚？	左心室
有的鸟长大后会找食物喂母亲，被称为“反哺”。下列哪种鸟会“反哺”？	乌鸦
人中暑死亡的体温临界线是	43.1℃
为了健康，应避免食入以下哪种果蔬皮？	柿子
一个正常的成年人身上，大约有多少个细胞？	1800亿个
艾滋病的主要传播途径是：	血液
煤是由什么代的厥类植物变成的？	古生代的厥类植物
有记录的世界上飞翔距离最远的是什么鸟？	北极燕鸥
血管破裂时，血液中的什么物质会凝结成块，堵住破裂部分以止血？	血小板
被称为“活化石”的爬行动物？	扬子鳄
人在黑夜里看不见东西，猫在黑夜里为什么能看见老鼠？	猫的瞳孔放大缩小能力强
年轮并非树木独有，人类和许多动物也有年轮，只是表现的形式不同罢了。人的年轮在：	头颅
蝴蝶为什么总在花丛里飞来飞去？以下哪一个答案是正确的：	喜欢吃花蕊里的蜜汁
世界上迁徙路程最远的动物是	北极燕鸥
发芽的土豆中含有一种毒素，如果摄入过多，可因呼吸麻痹而导致死亡。这种毒素是什么？	龙葵素
娃娃鱼因其形像娃娃，叫声又类似小儿啼哭，故而得名"娃娃鱼"。您知道"娃娃鱼"的学名是什么吗？	大鲵
猪心情很好时尾巴会呈什么形状？	水平摆动
人类的皮肤总在不断地脱去和生长。一位正常成年人的皮肤全部更新一次需要将近多长时间？	一个月
青蛙的呼吸器官是？	肺和皮肤
当人体血液中的酒精浓度达到多少，人会失去知觉？	0.4%
食糖过多会导致体内哪种微量元素的缺乏？	维生素B1
制作景泰蓝先要以何种材料制胎？	紫铜
猫无论以什么姿势从空中落下，总是：	四脚先着地
墨鱼在水中游动时，其方向是：	倒退着游
以下哪一种昆虫会对青菜生长产生危害？	蜗牛
以下不属于鸟类的是：	蝙蝠
以下没有细胞结构的是	噬菌体
合伙企业申请营业执照时下列哪项不是必须提交的？	合伙人出资证明
中国人民解放军空军领导机构是何时成立?	1949年11月11日
按照公司法规定，股份有限公司发起人的股份在公司设立几年内不能转让？	1年
社会主义的第一次尝试是在哪个国家？	法国
1997年8月，哪一个国家成为第一个同中国就中国加入世贸组织达成双边协议的国家？	新西兰
从什么时候开始，中国开始履行入世的各项承诺？	2002年1月1日
根据我国《环保法》的规定，向应缴单位征得的超标准排污费，应当用于：	防治污染
将于2008年在我国北京举办的奥运会是第几届？	二十九
保险责任开始后，投保人要求解除合同的，保险人可以：	收取部分保险费
第一个资本主义国家是：	荷兰
《中华人民共和国人口与计划生育法》于什么时候开始施行？	2002年9月1日
联合国日为哪一天？	10月24日
商业银行的工作人员不得：	在其他经济组织兼职
夫妻离异后对未成年人子女的教育谁负有责任？	离异双方都有责任
“阿拉”属于下列那一宗教	伊斯兰教
中国第一次提出申办奥运会是哪年哪月？	1991年2月
以下哪个不属于使馆馆长的级别？	临时代办
关于经济法与民法，下列说法正确的是	以上都正确
不能成为商标权主体的是：	自然人
1924年奥林匹克运动会的举办地是？	巴黎
2003年7月22日召开的是共青团第几次全国代表大会？	十五
根据公司法，有限公司的股东最高人数为：	50人
起诉离婚，法院判决不准离婚的，多长时间后才能再次起诉？	六个月
注册商标的期限为几年？	10
什么是第一生产力	科学技术
房地产投资不具有的特点是	流动性强
在国际关系的表述中有一个常用的词汇叫“西方国家”，关于这个概念，正确的理解应该是：	发达资本主义国家
国企工人忘某于1998年8月下岗，那么其基本医疗保险费由谁负责？	再就业服务中心缴纳
国家赔偿的主要方式是：	支付赔偿金
禁止在烟草制品商标上标注的字样或图形是：	纪念性的文字和图形
办理烟草专卖许可证的变更和注销手续，应在原批准机关批准之日起多少日内，到发证机关办理变更、注销手续？	３０日
目前我国符合条件的失业人员领取失业保险金的最长期限为	24个月
使用过期、失效许可证或转让许可证，由烟草专卖行政主管部门处以多少元以下的罚款？	１０００元
烟草专卖品准运证的规格、式样和签发准运证专用印章的印章式样由谁统一制定？	国家烟草专卖局
烟草专卖行政主管部门依法收购违法收购的烟叶，收购价格按照该烟草专卖品市场批发价格的多少计算？	７０％
“乌拉圭回合”是关贸总协定为加强和延伸现行的多边贸易体制，遏制贸易保护主义蔓延而发动的第几轮多边贸易谈判？	第八轮
1982年中国领导人先后访问了几个国家？	12
我国《宪法》规定：中华人民共和国在()情况下，有从国家和社会获得物质帮助的权利。	年老、疾病或丧失劳动能力
下列哪项不是我国教育法规定国家必须要在受教育者中开展的教育？	共产主义教育
可撤消合同的变更或撤消须由哪个机构作出。	人民法院和仲裁机构
下列哪类产品属于《产品质量法》调整的范围？	建筑材料质量；
金融业（不包括典当业、保险业）的营业税纳税期限为	1个季度
以下哪个机构是合营企业的最高权利机构	董事会
按《产品质量法》规定销售者的下列行为可以减轻或从轻处罚的是哪种情况	有证据证明其不知道该产品为禁止销售的产品，并如实说明其进货渠道
哪一个是联合国安理会常任理事国之一：	法国
我国现行宪法规定，全国人大常委会的组成人员中，应当有适当名额的为：	少数民族代表
邓小平理论形成的时代要求是：	时代主题的转换和新技术革命浪潮的兴起
在中国哲学中，“机锋”和“棒喝”是谁的术语	禅宗
国家自然科学一等奖自1977年创立以来最多有过连续几年空缺	4年
政府机构和国家权利机构的关系是	从属关系
我国行政领导体现哪年前，一直是委员制。	1982
我国的最高国家权利机关是：	全国人民代表大会
行政赔偿的请求时效为	2年
我国实行外汇管制，出口产品报关后多少天必须进行核销？	180
北京发行了新版发票，因公消费开据的发票，如果中了奖，奖金则归谁所有？	个人
目前我国透支额最高的信用卡是什么卡？	金穗卡
从事有害工种不能超过：	8年
合伙企业新入伙必须经过：	全部同意
已知的最重的恐龙是什么？	腕龙
清朝皇帝中最勤奋好学的是	康熙
陆游与唐婉分离后数年又在哪里重逢过	沈园
中国第一枚邮票是什么时期发行的	清朝
中国古代哪个学派的主张，与绿色和平组织的思想相近？	道家
最大的木结构大殿建于	明
下述哪种武器不属中世纪骑士的必需装备	弓箭
古奥林匹克竞赛优胜者要戴上用什么编成的王冠	月桂
以下不是文艺复兴时期画家的是	列宾
世界上第一张照片出现在哪个世纪?	19
灭南宋统一全国的元朝皇帝是谁？	忽必烈
古印度的种姓制度中哪一个地位最低	首陀罗
诺曼底登陆时，盟军的最高司令是谁：	艾森豪威尔
明代科举制度考试等级不包括：	院试
被瓦刺兵俘去，后又复辟的皇帝是	明英宗朱祁镇
第二次世界大战中，意大利法西斯头目是：	墨索里尼
全面内战爆发后，国民党反动派在昆明杀害的民盟中央委员是：	李公朴
水利工程奇迹都江堰是在哪一时期建造的？	战国
黄埔军校成立时，担任党代表的是？	廖仲恺
下列哪项不是嬉皮士的典型装扮	松糕鞋
下列哪个人不是从袁绍处投到曹操的？	文聘
明代以后廷试的前三名依次是？	状元榜眼探花
下列哪一件事是真实的？	诸葛亮布“八卦阵”
谁没有参加密杀曹操的活动？	秦庆童
首次世界举重比赛举行的地点是：	咖啡馆
扬琴在何时传入我国？	明末
世界最早的公用电话亭是在：	电话公司内
“百日维新”共持续了多少天	103
四羊方尊是:____青铜器中的精品	商朝
第二次世界大战的转折点是:	斯大林格勒保卫战
下列哪一事件具有政变性质：	陈桥兵变
蔡伦一生在内廷为官，先后侍奉几个幼帝？	4
发动安史之乱的安禄山的身份是?	节度使
中国的私学即民办教育开始于	春秋
世界上最早的纸币出现在哪个国家.	中国
中俄达成的第一个边界条约是：	《尼布楚条约》
朱允文登基于公元几年？	1399
纪晓岚是我国哪个朝代上的才子	清朝
清朝最后一个皇帝是：	宣统
在荷马史诗当中，特洛伊战争持续了：	11年
霸王龙生活在哪个时期？	白垩纪
北宋时官员的官帽都是左右两边伸出很长的“耳朵”，其原因是：	防止交头接耳
唐初沿用的均田制始创于	北魏
战国时提出"民为贵","君为轻"的思想家是	孟子
被称为"伊凡雷帝"是	伊凡四世
1915年12月12日，袁世凯复辟，年号为：	洪宪元年
1920年，我国第一个共产主义小组成立，小组书记是：	陈独秀
护国运动中，最先独立的省份是：	云南
康熙皇帝的庙号是：	圣祖
“开元盛世”是由唐朝哪个皇帝开创的：	唐玄宗
中国同盟会政治纲领中“驱除鞑虏，恢复中华”的实质意义是	反对封建统治
春秋战国时期的四大死士不包括哪一个	盗拓
到卫国战争打响前,苏联有几位元帅	2
项羽临死诗中提到的一个女人是谁？	虞姬
秋收起义爆发于1927年：	9月9日
唐朝农民改进犁的构造，制造了	曲辕犁
十岁以下的小娃娃就当了皇帝的，在中国历史上共有几个？	29位
阿纳姆战役是二战中美军实施的最大的一次什么战役？	空降作战
新中国成立后，我国共发行过几套人民币？	5套
灭亡宋朝的势力是：	蒙古
1347年，哪个国家的一位商人签发了第一张海运保险单？	意大利
我国自行设计和修建的第一条铁路是哪条铁路？	京张
《正气歌》是哪位民族英雄在狱中写的不朽爱国诗篇？	文天祥
下列历史事件中，发生得最早的是：	玄奘西游取经
举世闻名的《孙子兵法》诞生时，不可能书写在	纸张上
香港初期的死刑是用什么形式执行的？	电椅
北京故宫历时多少年建成?	18年
古代所说的促织是指现在的：	蟋蟀
我国政府全面禁止使用氟里昂（CFC-113）和三氯乙烷（TCA）的时间是？	2006.1.1
现存的黄鹤楼首次进行整修是在哪一年？	2003年2月
下列哪个不是南京的古称或别名	江都
确定如何保护战争受难者的协定是	日内瓦公约
“萨拉热窝事件”是第一次世界大战的导火线，它发生在	1914年
六国中，哪国最先被秦所灭？	韩
三国时，孙权假意与关羽交好，用以收回荆州的计策是：	笑里藏刀
近代国际法诞生的标志是	威斯特法利亚和约
亚洲第一个提出申办奥运会的城市是哪个？	东京
正月初一吃饺子这一习俗从哪个朝代开始？	明代
世界上最早发明火药的国家是哪一个？	中国
标志北宋灭亡的历史事件是	靖康之变
日本的茶道起源于？	中国
十字军东征时，于什么时候第一次攻陷了耶路撒冷？	1099年7月
滑冰是人们利用冰刀在冰上滑行的冬季运动项目。起源于10世纪的：	荷兰
在故宫中，皇后的居所是	坤宁宫
下列战国城市中，哪一组是当时著名的冶铁中心？	宛，邯郸
五笔字型输入法是谁首创的？	王永民
你知道世界上第一辆汽车是哪国人制造的吗？	德国人
一次大战是贝尔格莱德是哪国的首都？	波斯尼亚
我国从什么时候起就有了历法	夏
大运河开凿于?	隋炀帝时期
秦朝商鞅最后是怎么死的？	车裂
最初作为诺贝尔奖金基金的诺贝尔遗产有多少钱？	200万英镑
二战期间，那种不是德国投入战斗的坦克型号？	牛式
《落花生》是哪位作家的代表作？	许地山
中国起草和颁布的第一部刑法典是	《大清新刑律》
最早确立十恶罪名的封建法典是	《开皇律》
人民解放战争战略反攻开始于	刘邓大军挺进大别山
土地改革基本完成是在	1952年底
会计业务最早出现于：	古代中国
曾被宋朝统治者封为“昌黎伯”的是：	韩愈
下列人物中不属于“竹林七贤”的是	袁枢
新中国十大元帅中，没有参加长征的是	陈毅
我国入世共谈了几年？	15
山顶洞人未掌握的劳动技能是	使用和制造陶器
中国人自称为“炎黄子孙”中的“黄”是指：	黄帝
我国最早人工取火的是：	山顶洞人
四大名镇不包括	汉阳镇
天下第一松：九华山凤凰松位于	安徽
四大名楼不包括	雨夜楼
中国境内最大的外流盆地是：	四川盆地
我国历史上最高寿的皇帝：	爱新觉罗·弘历
地球形成了多少年	45亿
历史中真正草船借箭的人是谁	孙权
在宋代西河南府指的是现在的	洛阳
1956年7月13日，长春第一汽车厂生产新中国的第一批汽车。这种汽车的名字是什么？	解放
神父是基督教哪个教派的神职？	天主教
1977年恢复高考后的第一次高考是在哪个季节举行的？	冬
________中美建交，同月我国政府领导人邓小平赴美访问。	1979年1月1日
世界上最早爆发的大规模奴隶起义发生在：	埃及
我国有确切纪年开始是哪年?	841年
下面不是我国古代的四大美女的是:	卢海怡
商汤至太甲统治时期出现大好局面，得益于哪位政坛元老的辅佐？	伊尹
拿破仑兵败滑铁卢，从而导致他政治生命的结束。滑铁卢位于哪个国家？	比利时
第一个采用邮政编码的国家是哪个？	德国
《辛丑条约》是中国历史上经过了哪次战争后签订的？	八国联军侵华战争
第一次世界大战的始末时间是？	１９１４－１９１８
中国产生了四大发明,下面哪个不是四大发明之一？	研药术
因某种原因未能按时吃饭叫“扛刀”，那么是谁扛的刀？	关羽
1992年由4所大学合并的是：	浙江大学
曹雪芹是哪朝的人？	清
中国抗日战争胜利纪念日是：	9月3日
我们现在用的“星期”由哪种人最先使用的？	古罗马人
探戈起源于：	非洲
唐山大地震使多少人死亡：	24万以上
中国封建君主称“皇帝”始于哪个朝代？	秦朝
“走后门”一词的由来与历史上哪位人有关？	蔡京
石达开担任的是：	翼王
我国古代军事家孙膑是在“膑刑”后被称为孙膑的，“膑”是指：	膝盖骨
最早的春联是	刻在木上
中国最早纸记档案始于：	唐
至今还保留着以母系氏族为中心的“阿夏”婚姻的是	马里人
北宋时的《百家姓》以“赵”居首，清康熙时的《御制百家姓》以何姓居首？	孔
三国时，魏国的最后一个皇帝是：	曹奂
三国的最后胜利国是：	晋
十字军东征对穆斯林控制下的圣地了几次主要东征行动？	8
以下谁不是扬州八怪？	朱耷
《四库全书》全书缮写七部分别藏于文渊、文源、文津、文宗、文汇、文溯、文澜七阁中，被英法联军焚毁的是	文源阁
2003年举办的世界小姐大赛是第多少届	53
天安门城楼第一次正式向中国和世界所有人开放开始于哪一年元旦	1988
现今,函谷关属于我国那一个省?	河南省
在哪一年，毛泽东曾加入湖南起义的新军：	1911
在哪一年，叶剑英被授予元帅军衔：	1955
林则徐在广东哪处销毁鸦片？	虎门
目前世界纪元(公元前后的划分)的方法是以什么为标准：	耶稣基督教
20世纪30年代日本制造各种借口挑起侵华战争，其中七七事变利用的是	借口一个士兵失踪
“世界第一墓”指的是那一座陵墓？	仁德天皇陵
第二次鸦片战争时期,侵占我国领土最多的国家是？	俄国
问下面哪一次中东战争是由阿拉伯国家首先进攻的？	第四次
参与评定“安史之乱”的唐代大将李光弼并非汉人，它是哪各民族人？	契丹
新中国第一任交通部部长是谁？	章伯钧
指出谁不属于三皇五帝。	大禹
国民革命军第八路军成立时共有多少人。	4.6万人
十一届三中全会以后，我国最早建立的四个经济特区是哪几个？	深圳、珠海、汕头、厦门
中国第一个民族资本经营的机器缫丝厂是	“继昌隆”
下面那位名人不是新文化运动的先驱?	康有为
下列曾用名中，哪个不是周恩来的：	周道
中华人民共和国在联合国的合法席位得到恢复是在	1971
下列何书为诸葛亮所著？	兵书二十四篇
“大丈夫生于乱世，当带三尺剑立不世之功，今所志未遂，奈何死乎！”为何人所言？	太史慈
诸葛亮火烧新野派谁前去诱敌？	赵云
枣宜会战中，为抗日而牺牲的第33集团军总司令是	张自忠
抗战开始后中国西北主力红军改编为八路军，任总指挥是：	朱德
唐朝建立者是	李渊
1945年8月，与毛泽东一起赴重庆同国民党谈判的有	周恩来、王若飞
开封古称：	汴梁
乾隆皇帝把“天下第一泉”美名给了哪个泉	趵突泉
清朝在什么时候被推翻?	1911年
中国古代兵法“六韬”中，不含下面哪一韬	凤韬
担任中途岛海战日方航空母舰主攻舰队指挥的是	南云忠一
到目前为止，我们所发现的最大的恐龙是	震龙
德兰大海战是哪两国交战？	法英
近几年提出的白色农业是指：	微生物工业型农业
司法官的祖师是	皋陶
1924年，黄埔军校建立，军校的党代表是：	廖仲恺
我国现行宪法颁布于哪一年？	1984年
中日甲午战争是1894～1895年中国军民抗击日本侵略的战争。1894年干支为甲午，是清光绪几年：	光绪二十年
公元1368年，朱元璋称帝，建立明朝，定都在（）	南京
17世纪的西印度公司是哪个国家在对外殖民扩张时建立的?	荷兰
因梳头技艺高超而深得主子欢心的太监是	李莲英
笞、杖、徒、流、死五刑制度最早规定在	开皇律
中国奴隶制瓦解，新兴地主阶级要求公布成文法始于	春秋
清朝的哪位皇帝与沙俄签订了《尼布楚条约》？	康熙皇帝
中国历史上第一个少数民族统治全国的王朝是哪一个：	元
传说中武则天下令焚烧的花是什么花	牡丹花
历史上，以宗教名义发动的十字军东征，前后进行了几次？	八次
“葡萄美酒夜光杯”的出处是	王翰的《凉州词二首》其一
韩非子“法治”思想的实质是	法律是君主治理天下的工具
李煜词中最感人的作品是	写亡国剧痛的词
文艺复兴运动发源于	意大利
在欧洲探索新航路过程中，实现环球航行的是	麦哲伦
当时是谁邀请各镇诸侯会师讨伐董卓	0 曹操
意大利文艺复兴中被尊为“画圣”的画家是	拉斐尔
鸦片战争发生在哪一年？	1840
拉丁美洲第一个独立的国家是	海地
据考古研究发现，目前世界上最早的瓷器出现在哪里？	石家庄
《诗经》的传统分类是	风、雅、颂
资本主义早期比较盛行的经济思想是	重商主义
世界历史上第一次成功的资产阶级革命是	尼德兰革命
西欧的宗教改革开始于	德意志
商鞅为什么被处死?	因为变法触动了贵族利益
“公车上书”发生在哪一年？	1895
慈禧发动政变是在哪一个帝王期间：	同治
英国打败殖民帝国西班牙成为海上强国是在()	16世纪末
下列哪位是西欧文艺复兴时期的代表艺术家？	达芬奇
1885年，台湾正式建立行省，第一任巡抚是	刘铭传
208年曹操在襄阳之战中灭了谁	刘表
西方殖民者是从什么时候开始在非洲进行掠夺性的“奴隶贸易”的？	15世纪
《汉书》所属的历史编纂体例是	断代史
西汉初统治者实行宽舒政策的根本原因是	经济极端贫困的状况
《史记》的五种体例中，“世家”这种体例是	记述重要人物的家庭兴衰
清代的官服饰品中常有“顶戴花翎”一说，是官位的象征标志，“花翎”是取自什么动物的毛？	孔雀
饮茶之风在全国广泛流行是在	唐朝
吴道子有一幅名画，它描写了释迦牟尼降生后，他的父亲净饭王抱着他拜谒天神的情景，这幅名画是	《天王送子图》
北京不是以下哪个朝代的都城？	宋朝
“商女不知亡国恨，隔江犹唱后庭花”出自于杜牧的那首诗	泊秦淮
下面哪一个时代不是恐龙生活的时代	寒武纪
唐代诗人陈子昂的名句“念天地之悠悠，独××而涕下”	怆然
在新文化运动中，中坚力量主要有陈独秀，李大钊，鲁迅，钱玄同和：	胡适
大革命失败后，哪次起义为毛泽东亲自领导？	秋收起义
巴黎和会的结果导致了	五四运动
下列哪一个事件与军阀段祺瑞无关?	一·三惨案
1925年3月12日，孙中山病逝于：	北京
德国入侵波兰是在哪一年：	1934年
成吉思汗的长子是谁？	术赤
铁达尼号游轮是因为遭遇了什么事件沉没的？	撞击冰山
勺在中国古代是舀什么的器具？	酒
在我国古代有位名医活到101岁，被称为“百岁神医”，他是	孙思邈
中国古代有四大美女，但人无完人，他们都有各自的缺陷，请问王昭君的缺点是什么？	大脚
“垂帘听政”始于何时？	唐朝
在中国共产党领导下，上海总工会成立于	“五卅”运动期间
英法发动第二次鸦片战争时，法国的统治者是	路易·波拿巴
世界上第一个出现在电视荧屏上的形象是：	一个木偶头
世界上最早记录哈雷彗星是在哪个时期？	春秋
在争夺北美殖民地中，西班牙英国法国都曾占领过的同一地区是	密西西比河
公元前二千年代中期雅利安人进入印度后，形成了	农村公社
李大钊被张作霖杀害是在	1927年
洪秀全创立拜上帝会的目的是	反清统治
东欧地区的商队直接来中国贸易的最活跃时期是	元朝
大月氏王国在5世纪后半叶亡于谁之手	厳哒
击败拿破仑的滑铁卢战役的反法联军指挥官是	威灵顿将军
中华民国正式宣告成立是在	1912年1月
1855年在鄱阳湖大败湘军的太平军将领是	石达开
白银在明代成为普遍流通的货币，其主要原因是	商品经济的发展
近代中国“开眼看世界”的第一人是	林则徐
中法战争爆发的标志是	法军进攻驻越中国军队
兴中会成立的地点是	檀香山
清政府下诏向法国正式宣战是在	马尾海战后
中国洋务派产生于	第二次鸦片战争后
元朝时，台湾岛隶属于	江浙省管辖
进一步打开中国西南门户不平等条约是	《中法新约》
武昌起义敲响了清皇朝的丧钟，具体组织和发动这次起义的团体是	文学社、共进会
三国演义中的周瑜死于巴丘，是现在的	岳阳
以下关于清前期新疆地区状况的表述，错误的是	平定大小和卓叛乱后清朝首次统一新疆
刘禹锡在《酬乐天扬州初逢席上见赠》中写到“沉舟侧畔千帆过，病树前头万木春”，这首诗是一首	咏史诗
对北魏实行均田制的后果，表述不正确的是	抑制了土地兼并现象
契丹族起源的地区是	辽河上游
二战中决定在战后成立联合国的国际会议是	雅尔塔会议
篡夺辛亥革命胜利果实的野心家是	袁世凯
规定割让台湾和澎湖列岛的不平等条约是	《马关条约》
戊戌变法中创办的中国近代最早的一所体制完备的高等学府是	京师大学堂
太平天国运动失败的标志是	天京陷落
彩票在我国发行历史悠久，那么最早的彩票是	猜科举张榜
资本主义工场手工业时期在欧洲持续的时间是从	16世纪—18世纪下半期
五四运动后新思潮主流是	马克思主义
中共“一大”确定党成立后的中心任务是	领导工人运动
下列人物中，开辟了通往美洲的新航路的是	哥伦布
日本武装倒幕的主要力量是	中下级武士
中国第一颗原子弹是在哪一年研制成功的	1964
在位时间最短的皇帝是东汉的刘贺，他只当了多久的皇帝就被废除了？	27天
最早的血压计用于测量谁的血压？	马
第一次世界大战前帝国主义国家间的主要矛盾是	英德矛盾
近代科学形成的标志是	牛顿力学体系的建立
被称为“容克资产阶级帝国主义”的国家是	德国
无产阶级推翻资产阶级统治，建立无产阶级专政的第一次尝试是	巴黎公社革命
每年的教师节是哪一天？	9月10日
俄国布尔什维主义的出现，标志着	列宁主义诞生
抗日战争相持阶段，在华北进行的一场大规模对日作战是	百团大战
下列政权灭亡的先后顺序是	西夏、金、南宋
汪精卫成立南京伪国民政府的时间是	1940年春
国际共产主义运动的第一个战斗纲领是	《共产党宣言》
以下对元杂剧的叙述中错误的是	元杂剧中的一种歌词称为元曲
日本侵略者企图在中国建立第二个伪满洲国的地区是	华中
我国第一颗人造卫星发射成功是什么时候？	1970年
古代政府设立“义仓”是做什么用的？	赈灾
屈原是春秋时代哪国人	楚国
1890-1896年非洲唯一独立的国家是	利比里亚
揭开全国抗日战争序幕的标志是	“七·七”事变
在英国，资本主义生产方式最终战胜封建生产方式的标志是	工业革命完成
导致列强瓜分中国的事件是	《马关条约》的签订
原始人在我国境内的分布曾经十分广阔，其中活动范围最为接近的是	北京人、山顶洞人
新文化运动中，在教育思想上采取“兼容并包”方针的北大校长是	蔡元培
国共两党第一次合作实现的标志是	国民党“一大”召开
下列著名画家中，以山水画和研究画论画史闻名的是	黄宾虹
世界上最早的纸币出现在我国宋朝，其名称是	交子
中国共产党纠正陈独秀右倾投降主义错误的会议是	“八七”会议
明朝最初定都于:	南京
我国古代海运、陆路对外贸易最活跃的时期是	元朝
遭受西欧殖民者摧残和屠杀的美洲土著居民是	印第安人
项羽在哪里自杀？	乌江
是谁在1926年7月22日为处理英国退还部分庚子赔款而奔波？	胡适
第一个打破世界纪录的中国人是	陈镜开
列宁逝世于哪一年？	1924
伊拉克共和国成立于哪一年？	1958年7月
以下不属于戊戌变法“六君子”的是	林觉民
红军长征跨越了多少个省？	11
皇太极是哪朝太祖	清朝
我国末代皇帝的年号是	宣统
燕京八景是谁题写的	乾隆
世界最早的校园歌曲出现在	日本
德国心理学家冯特于哪一年建立了世界上第一个心理实验室？	1879
“乌纱帽”始自哪个朝代？	明朝
宗法等级制的核心内容是	嫡长继承制
首次将刑法铸在鼎上，公布成文法的人是	子产
大禹的父亲是谁？	鲧
海湾战争中多国部队的最高司令是谁？	施瓦茨科夫
以下哪位不属于唐宋八大家？	杜牧
谁是中国古代著名的旅行家？	徐霞客
恺撒大帝被谁刺死的	布鲁图
卓文君与司马相如私奔后在哪里卖酒	今成都
下面哪一位不是意大利文艺复兴时期的“三杰”：	乔托
新慕尼黑机场启用时间是：	1992.5.17
以下谁背叛了刘备？	孟达
曹操缴榜文以擒董卓，十八路诸侯来会盟，谁为盟主？	袁绍
诸葛亮的“八阵图”被谁破了？	黄承彦
谁被称为“小霸王”？	孙策
我国的奴隶社会开始于	夏
1947年国民党反动派残酷镇压国统区“反饥饿、反内战、反迫害”的学生运动，制造的流血惨案是？	五二Ｏ惨案
世界贸易组织(WTO)是在哪界会议上正式成立的？	“乌拉圭回合”谈判
唐代印制的世界上现存最早标有确切日期的雕版印刷品是？	金刚经
中国古代四大美人中“沉鱼”是用来形容哪一位？	西施
历史之父指的是	希罗多德
三国时期，很多人结拜为义子、义父，下列哪一对不是义子、义父关系？	马腾与马超
甘罗多大年纪成为相国	十二岁
世界第一个试管婴儿在哪一国诞生	英国
古代的国子监是	高等学府
中国第一颗原子弹爆炸的日期是1964年的：	10月16日
9月28日，谭嗣同等六人被杀害于北京	菜市口
武则天登基后，改国号为	周
清宣宗在位时的年号为	道光
国际奥委会会旗是哪个国家于1920年赠送的？	挪威
北京最早建成是什么朝代？	西周
世界上第一次实测子午线长度的我国古代科学家是	僧一行
嵇康是哪一时期的琴家	三国
唐代的乐队，使用的主要乐器是	琵琶
萧何月下追谁	韩信
关羽在华容道放走了谁	曹操
关羽水淹七军擒获的将领是谁？	于禁、庞德
张飞于长坂坡吼死了哪位曹军大将？	夏侯杰
谁说服马超投降刘备？	李恢
仅用一百个兵劫掉曹操大营的人是谁？	甘宁
密特朗取消死刑前，法国主要采用何种方式行刑	上断头台
曹仁布的“八门金锁阵”被谁破了？	徐庶
世界上第一次由广播公司正式播送电视节目是哪年？	1936
元宝始创于我国哪个朝代？	元朝
汉代称城市干道为：	街
三国演义中诸葛亮六出祁山，其中失街亭，斩马谡是在第几次出祁山的时候	5
谁首创了大写金额字"壹,贰...."	朱元璋
人类的第一张照片是什么时候诞生的？	1827年
中国古代象征吉祥的四灵：	龙、凤、龟、麒麟
我国对彗星的观测和研究有最早最完整的记录。当时是哪一个朝代	春秋
下述哪场战役发生的时间最早	巨鹿之战
被腰斩而亡的是	李斯
哥伦布发现新大陆是在	十五世纪九十年代
闻鸡起舞的是谁	祖逖
中国境内迄今所知年代最早的直立人是那种人?	元谋人
在第一次鸦片战争中,英军到达的最北端是:	天津白河口
中世纪最后一位诗人，新时代最初一位诗人指的是	但丁
公元690，武则天称帝，改国号为：	周
以色列占领耶路撒冷是通过	第三次中东战争
戊戌变法发生在清朝哪个皇帝时期：	光绪 0【网络日记】
投笔从戎的是	班超
请问成吉思汗姓什么？	孛儿只斤
太真是谁出家时的道号	杨玉环
古巴导弹危机是谁造成的	赫鲁晓夫
贝多芬在耳聋前本希望成为：	演奏家
正月初一吃饺子这一习惯是从什么朝代开始	明
明朝最后一个皇帝崇祯皇帝的号是什么？	明思宗
武则天是下面哪个皇帝的母亲？	唐中宗
“挥剑决浮云，诸侯尽西来”说的是那个皇帝？	秦始皇
下列哪个事件不是发生在20世纪50年代	四清
在长坂坡，单枪匹马独闯曹军重围的三国名将是：	赵云
《人民日报》创刊于	解放战争时期
人类第一次登月是在哪年？	1969
较早使用的活字是：	陶活字
最初的风筝是用来做什么的：	军事目的
《牡丹亭》是什么时候的戏剧？	明
1924年发动北京政变的直系将领是	冯玉祥
一品文官的衣服上绣着一只什么鸟?	仙鹤
在世界上首创用汤药治病的是：	伊尹
新中国成立后，我国首次发行纪念钞是在哪年？	1999年
波斯湾战争中，美国的军事代号是什么？	沙漠风暴
明清时期称镌刻约束学生员条规的碑石为卧碑，它一般树于明伦堂的：	左边
煤气炉最早出现出什么时候？	19世纪50年代
以下哪种人，不属于古代日耳曼民族？	希洛人
隋朝经历了多少年:	37年
古代人们用来当酒杯的青铜器叫：	爵
美国前任总统肯尼迪生在	1917年
战国时，“纸上谈兵”招致兵败的赵国将领是：	赵括
赤壁之战中，假装投降以接近曹军的吴国将领是：	黄盖
中法战争中，指挥取得镇南关大捷的中国将领是：	冯子才
“陈桥兵变”是由谁发动的：	赵匡胤
戚继光驱逐的是哪国侵略者：	日本
赴西安和平解决事变的中共领导人是：	周恩来
在我国古代曾有一次人口普查，它是在哪个朝代进行的？	明朝
会试，殿试每几年一次	3
我国中央最早在什麽时候对台湾进行管辖	元
甲骨文是写在哪上面的？	龟骨
鲁迅逝世于?	1936.10.19
鲁迅逝世于：	1936年10月19日
三叶虫灭绝于地质年代中的：	二叠纪
下列哪位老革命家被错误开除党籍，成为中共党史上最大的冤案？	刘少奇
下列对清明两代“乡试”考试地点解释正确的是：	在各省省城
我国的科举制度始于那个朝代？	隋朝
1953年人类第一次登上喜马拉雅山脉珠穆拉马峰，请问当时登顶的是	一个英国人和一个尼泊尔人
秦始皇兵马俑于哪年被发现	1974
中国的尼姑最早是何时出现的？	南北朝
世界著名的发明家爱迪生诞生于那一年？	1847
抗战时期，“八路军”下辖3个师和一个直属队，刘伯承在：	129师
3月23日，在太空工作时间最长的空间站“和平号”坠毁，它是在哪年发射升空的？	1986
北京从2002年11月_____日开始执行医保药品限定最高价	10
____时期设立云南行中书省，云南省自此成为省名	元朝
世界上第一个无产阶级政党是：	德国社会民主工党
古人称的鱼雁是什么	书信
《春秋》分成几个部分？	3
被称为西汉两司马的除了司马迁还有谁？	司马相如
木筏发源于	6000年前
词产生于什么时候？	隋
谁是武圣？	关羽
在春秋争霸中，晋文公曾在外出逃多少年？	19年
明朝郑和一共下了几次西洋	7
忽必烈是谁的儿子？	拖雷
唐太宗的“太宗”指的是他的：	庙号
历来用“三公九卿”来归纳哪一代的中央官制？	秦代
世界上第一个国家颁布的药典出现在：	中国唐朝
世界上最古老的足球赛奖杯	优胜杯
以下哪位不是罗马历史上有名的第一次“三头执政”中的成员？	奥古斯丁
朱允文的父亲是？	朱标
朱允文的庙号是？	惠帝
朱允文丧父时	十九岁
八股取士始于何时？	明朝
“王牌飞行员”最早授予击落几架飞机的空军战士？	5架
我国西晋的第一代皇帝名叫：	司马炎
汉朝最先下诏废除肉刑的皇帝是：	汉文帝
著名历史学家黄仁宇出生于哪一年	1918年
破除满汉不通婚这个祖训的是：	乾隆
我国古代称山之北，水之南为什么？	阴
太平天国定都南京时，当时将南京改名为	天京
古时戒指用来表示？	禁戒
智利球星萨拉斯出生在哪一年？	1974
我国唐代学者一行和尚，他制订了什么历法？	大衍历
早期人类家庭的进步，与哪种事业关系最密切？	造房
国家公务员制度起源于？	英国文官制
“五四”青年节正式确定于：	1949年
清朝官员的礼帽上嵌一个顶珠，颜色各不相同它的作用是：	官阶大小的区别
美国1787年宪法规定，解释宪法的权力在：	最高法院
我国宪法的监督权属于：	全国人大常委会
到21世纪中叶，中国人口总量在达到峰值后将缓慢下降，这一峰值是：	16亿
用焦炭作燃料冶炼金属始于：	明朝
明清两代科举考试的最高级别“殿试”的第一名叫状元,第二名叫：	榜眼
马远是哪个朝代的画家？	宋
朱允文作于黄果树瀑布的红崖天书第四句第四字是	门
相传黄帝有几个儿子	25个
著名的赵州桥是在哪一时期造建的？	隋朝
为徐敬业讨伐武则天的义兵起草了讨武氏檄的诗人是……	骆宾王
中国人最早发现磁石是在公元前几世纪？	3
在战国之前“百姓”是对什么人的总称？	贵族
香港西区海底隧道在哪一年正式通车？	1997
汉代，凡面制的食品统称之为什么？	饼
中国古代最通行的结婚方式是以下哪一种？	聘娶婚
埃及的狮身人面像建于何时？	公元前2500年
古代大臣上朝时手上拿着的狭长笏(hǜ)板，最初的用途是：	用来记事
中国古代科举形成于哪个朝代？	隋朝
我国牛耕的使用最初是在什么时候？	东周
请问苏联是在什么时候解体的？	1991.12
中国史上被称为“诗界之哥伦布”“一代霸才”的爱国诗人是：	黄遵宪
普鲁士在19世纪六七十年代的统一战争中先后和哪几个国家发生战争？	丹麦奥地利法国
唐朝的都城长安是今天的哪里？	西安
发生在北京卢沟桥的历史事变名叫？	七七事变
起源最早的保险是：	海上保险
安禄山、史思明之乱是唐朝最大的一次叛乱，其历时多久？	14年多
切尔诺贝利核污染发生在：	1986年
西夏的都城在	兴庆
五代十国时期开始于	907年
秦分天下为三十六郡，今天的江苏属于	会稽郡
新生代距今有多少年？	3000万年
恐龙世界的短跑冠军是什么龙？	鸵鸟龙
已知的最大恐龙是什么？	震龙
在1998年的“陆俊风波”中，哪家报纸被推上法庭？	《羊城体育报》
在第一张报纸出现之前是哪个国家的人最先在大字报纸上读新闻？	德国
被称为“世界第八奇观”的是：	秦始皇兵马俑
我国古代画家吴道子生活在哪个朝代？	唐
西晋的创建者：	司马炎
人类有史以来第一次登月是在哪年？	1969年
卿为官名，始于:	周
被视为全人类的珍贵文化遗产，目前世界上唯一还活着的象形文字是：	东巴文
我国著名女画家张玉良出生于以下哪个地方:	扬州
在中日甲午战争中，邓世昌驾驶哪艘战舰冲向敌舰，不幸触雷，为国捐躯？	致远
清朝的第一座陵是哪座	永陵
抗日战争期间，指挥三次长沙会战的中国国民党将领是	薛岳
根据我国宪法规定，下列选项中哪一种情况不是公民获得物质帮助权的条件?	公民在遭受自然灾害
古代为了体现官吏的官位高低而在胸前、背后各缀一块方形补子，根据官品的等级，“补子”上的图案也各有不同，你知道一品文官的补子上绣有什么图案吗？	鹤
敦煌藏经洞是道士王圆箓发现的，藏有从晋到宋600多年间的近6万件珍贵文物。它发现于	1900年5月26日
世界上妇女最早取得选举权的国家是芬兰，始于_________年。	1906
北约（北大西洋公约组织），成立于_________年4月4日。	1949
在远古跳远是为了：	逃避猛兽
“拯救地球就是拯救未来”是哪一年世界环境日的主题口号？	1999
英法联军曾于哪年火烧圆明园？	1860年
篮球巨星乔丹第一次复出后所穿的球衣是多少号？	45号
汉语拼音方案结束了汉语拼音史上的紊乱局面，请问汉语拼音方案诞生于哪一年。	1958
爱滋病最早发现在哪一年？	1959
楔形文字是古代哪一地区的文字？	古巴比伦
广为流传的《苏三起解》是发生在哪个朝代?	明代
彼得宫始建于什么世纪：	十八
什么之后，德川家康控制了天下大势？	关原合战
世界七大奇迹建造时间最晚的是	亚历山大灯塔
石山本愿寺投降后，信长开始多线作战，奉命对付毛利家是哪位家臣？	丰臣秀吉
日本历史上的平城京指的是现在的：	奈良
周朝专门掌管元宵节燃灯、观灯的官吏叫：	司烜
艾菲尔出生于?	1832年
法西斯的称谓是如何由来的？	刑具名
古人所谓黄道是哪种天体运行周年的轨道？	太阳
古人说的酢指的是今天的：	醋
古代屋顶中等级最高的是:	重檐庑殿顶
在抗日战争中国民党牺牲的最高将领是：	张自忠
道教是由谁创立的？	张道陵
中国的北洋军阀在一战中何时向德奥宣战？	1918年
玫琳凯公司是一家经营何种商品的公司？	化妆品
新中国第一任文化部部长是谁？	沈雁冰
清朝时期，文、武一品官的朝冠顶镶嵌有：	红宝石
都江堰工程的修建时期为（）时期。	战国
以下几位民族英雄哪位是女性？	赵一曼
遵义会议批评揭发了第几次反围剿的错误？	第五次
古代印度的“种姓制度”分为几级？	4
2001年全国评选出了多少种名优烟?	36
在美国北部联邦政府和南部邦联州之间进行的美国内战起始于那一年？	1861年
中国人民解放军诞生于1927年8月1日，其称呼也几经变更，其在哪一年改称中国人民解放军的？	1946年
中国古代建筑中数量极大、形式最为多样的一种建筑类型是：	塔
抗日战争中，第一位为抗击日寇牺牲的中国高级将领是：	佟麟阁
公元618—907年，是我国古代的哪个朝代？	唐
在中国，重庆市巫山县发现的巫山人化石，距今有多少万年？	204
在什么时间，中华人民共和国民政部追认张自忠为革命烈士？	1982年
在哪一年铁木真在斡难河（今蒙古鄂嫩河）源召开忽里台大会，即蒙古国大汗位，号成吉思汗：	1206
刺杀奥匈帝国皇储菲迪男大公是哪一个国家的青年:	塞尔维亚
德国在二战中，主要依靠狼群战术，请问德军在二战中群狼指什么？	潜水艇
中国建都最早，历时最长，朝代最多的古城是	洛阳
历史上罗马教廷组织过几次十字军东征	4
哪一位皇帝派张骞出使西域	汉武帝
袁世凯当上“中华帝国”的皇帝是在	1915
北洋军阀政权建立的标志是	临时政府迁都北京
甲午战争爆发的标志是	丰岛海战
按时间顺序排列以下历史事件：1中华苏维埃第一次全国代表大会；2伪满洲国建立；3国民党第四次围剿被打破；4中华共和国人民政府成立	1234
根椐1931年毛泽东确定的土地改革路线分析，当时农村革命的敌人是	地主
高等教育自学考试制度是从哪一年开始在全国推广施行的？	1983年
我国第一枚普通邮票----大龙票何时发行的?	1878年
武昌起义的主要力量是	新军
清朝国势衰落开始于	嘉庆时
中国最早的历史地图集是谁主编的？	裴秀
国学四大师中哪一位是戊戌变法领袖之一	梁启超
人类历史上，第一次掀起大规模的以保护地球为宗旨的群众性运动，并从此产生了地球日，是哪一年？	1973
发现古埃及绝代美女王后诺弗雷托托木乃伊的女考古学家乔安-弗雷彻是哪个国家的人？	英国
诸葛亮出山时多大年纪？	27
汉寿亭候是谁的爵位？	关羽
关羽千里走单骑中杀的第一个将领是谁？	孔秀
哪个不平等条约是英国逼中国签定的?	《南京条约》
中国历史上第一位获得体育世界冠军的是:	容国团
近代中国中央机构半殖民地化开始的标志是：	总理衙门的建立
中国历史上活过70岁的皇帝有几位？	7
诗句“不惜千金买宝刀，貂裘换酒也堪豪”是何人所写？	秋瑾
“法律答问”作为一种法律形式始于	秦朝
凡尔登战役双方共损失了多少军队？	120万
“启”传说中夏代的国王，他姓？	姬
“毛公鼎”是什么时代的青铜器？	西周
在1956——1966年的建设中，我国石油全部自给是在什么时间	1965年
《自政新篇》规定外国人“准其为国献策，但不得诽谤国法”，体现的外交思想是	自主开放外交
为粉碎四人帮奠定了群众基础的历史事件是	四五运动
七千人大会的召开是在那一年	1962年
中共八大的主要贡献是	正确指出了国内的主要矛盾
解决了中国有新民主主义革命向社会主义革命转变的重大问题的会议是	中共七届二中全会
1947年6月，率领晋冀鲁豫解放军主力千里跃进大别山的是	刘伯承、邓小平
毛泽东提出“一切反动派都是纸老虎”的著名论断是在	解放战争初期
1945年日本正式签署投降书的时间是	9月2日
下列措施中为争取抗日战争的胜利奠定了物质基础的是	抗日根据地大生产运动
1940年春，中国境内并存的政权有几个	4个
在抗战的相持阶段，坚定了全国人民抗战胜利信心的战役是	百团大战
以下军队中，与李兆麟有关的是	东北抗联
在文革中，严辞批评文革的种种倒行逆施的老同志不包括	周恩来
歌德是哪一时期德国的伟大诗人、思想家	18世纪末
国共两党第二次合作实现，抗日民族统一战线正式形成是在：	“七七”事变后
元朝划分的四等人中，契丹、女真族属于	第三等人
公元1890年，是谁在湖北汉阳创办了汉阳铁厂？	张之洞
在《三国演义中》诸葛亮病逝于何处？	五丈原
战国时期曾经下令坑杀（即活埋）四十万赵军的秦国将领是谁？	白起
我国目前发现的最早的首饰是距今多少年前的原始项链？	18000
鲁迅于哪一年逝世？	1936
破釜沉舟这个成语出于哪次战争？	巨鹿之战
为自己立了一块《无字碑》以供后人评说的我国古代政治家是？	武则天
中国古代北方的“丝绸之路”有几条？	3条
下列人物中谁是清代的皇帝？	顺治
我国农村开始推行家庭联产承包责任制是	1980年
在世界历史上最早统计人口的国家是	中国
请问苏联什么时候解体的	1991.12
第一次诺贝尔奖是哪一年颁发的	1901
“刘三姐”是我国哪个少数民族传说中的人物？	壮族
梁启超和梁思成是什么关系？	父子
林徽因和梁启超是什么关系？	公媳
侏罗纪大约从公元前2.05亿年到公前元前多少年?	1.45亿年
奥运村是哪年开始建的？	1924
下列哪一个不是其他人的兄弟？	诸葛尚
乒乓球始于19世纪的哪个国家？	英国
抗日战争时期，在冀中平原上，坚持敌后抗战的人民群众发明了：	地道战
抗日战争时期，新四军的第一任军长是：	叶挺
抗日战争时期，广大的爱国华侨对祖国的抗战作出了卓越的贡献。请问南洋华侨的领袖是谁？	陈嘉庚
抗日战争期间，狼牙山五壮士的故事家喻户晓，请问跳崖的勇士中除副班长葛振林外谁也幸运脱险？	宋学义
柳宗元《捕蛇者说》中“以俟夫观人风者得焉”一句中的“人风”实为“民风”，这是为了避谁的讳而改称的？	唐太宗
唐代的吐蕃是今天哪个族的祖先：	藏族
我国最早出现纸币是在：	宋代
我国古代有一种井田制，问它是哪个朝代出现的。	西周
哪一年，刘伯承留学于苏联伏龙芝军事学院：	1928
联合国教育、科学及文化组织是联合国专门机构之一。1946年11月4日成立，总部设在：	巴黎
谁不属于初唐四杰：	陈子昂
我国最早发行国际信用卡的银行是：	中国银行
汉大将军卫青是骠骑将军霍去病的什么人？	舅舅
历史上的“紫外灾难”是：	经典理论遇到困难
冰淇淋是哪个国家发明的？	希腊
在古希腊被成为是“太阳神”的是：	阿波罗
“生死一知己，存亡两妇人”用来形容哪个历史人物？	韩信
三国时，刘备为了对抗曹军，派诸葛亮在哪儿与孙权结盟？	柴桑
在我国古代哪位名医活到101岁	孙思邈
被取名为“世界的中心”的是：	库斯特
历史上清政府在台湾设立行省始于：	中法战争结束后
与类人猿比较，人类有许多不同的特点，生物学家把下列哪一项作为人猿分界的最重要标准	制造和使用工具
中国第一个朝代是那个朝？	夏
下列将我国古代年龄称谓按小到大顺序排列正确的是：	耆，古稀，耋，耄，期颐
唐朝的第一个皇帝是谁	李渊
雷达的发明是模仿：	蝙蝠
著名的“关东大地震”发生在	1923年
相传豆腐是谁发明的？	淮南王刘安
公元230年，（）将军卫温等带领一万人的船队达到台湾。	吴国
中国的“雾都”在哪里？	重庆
《福尔摩斯探案全集》的作者阿.柯南道尔是哪一个国家的人？	英国
在市场经济中，企业进行生产经营活动的直接目的是	追求利润
圆周率最早出现在哪里？	阿拉伯
赵子龙在长坂坡杀了曹操几员大将?	九个
汉中一役赵子龙单枪匹马挑了曹操几座大营?	七座
连续7个月最多有多少天？	215
秦始皇第一个灭掉的诸侯国是：	韩
就职时最年轻的美国总统是：	西奥多·罗斯福
共产国际成立的时间是	1919年3月
《宪法》规定我国享有选举权和被选举权的人是()	18周岁以上有政治权利的公民
不是三大无字碑中提到的人物是	魏忠贤
从古至今，我国有29位娃娃皇帝，其中最小的是：	东汉殇帝
西方现代派文学指的是	一种文学思潮
当我们用100瓦的电灯照明时，经()小时它将消耗一度电。	10
武则天于公元655年被高宗立为皇后，开始参与朝政，公元690年自立为帝，国号为:	周
文章西汉两司马，经世南北一卧龙是指()。	左宗棠
自由女神像是由哪个国家送给美国的?	法国
解放战争初期山东战场的领导人是谁?	刘伯承
秦始皇陵建造在何处?	骊山
第二次世界大战期间最大的一次战役--斯大林格勒大会战中，德军共损失了多少人员？	150万
AMX-30主战坦克是什么时间生产的？	60年代
毛泽东同志在哪篇文章中对古语“实事求是”给予新的科学的解释？	《改造我们的学习》
请问拿破仑在1794年被热月党人监禁了多少天？	14
指南针最早的形式叫什么？	司南
您知道中国是从什么时候起开始在农业生产种使用铁器的吗？	春秋时期
您知道下面哪一项不在被称为当时思想文化领域里的三大变革里吗？	基因学说的诞生
豹2主战坦克是西方最早装多少mm滑膛炮的坦克：	120
中国第一个女市长是	范瑾
中国第一个女飞行员是	王灿芝
美国的F－22猛禽战斗机属于第几代战斗机？	第四代战斗机
成吉思汗病逝于哪一年：	1227年
新版20元的人民币是哪一年发行的？	2000
1927年在北京被军阀张作霖杀害的共产党创始人是	李大钊
历史上的“宁汉合流”是指	武汉和南京国民政府合并
国民政府所采取的稳定财政的措施中，成效较为明显的是	改革币制
“千锤万击出深山，烈火焚烧若等闲。粉身碎骨全不怕，要留清白在人间。”的作者是谁？	于谦
项羽在巨鹿大败秦后，坑杀了30万秦军降卒，当时率秦军投降的主将是：	章邯
我国第一个发现和研究甲骨文的学者是谁？	清代王懿荣
明孝陵位于哪个地方：	南京
康熙6岁继位皇帝，是因为当时的外国人南怀仁提出了什么建议？	康熙出过天花
下列四人中，谁不是“北洋三杰”	曹锟
春秋时期同晋国争霸中原的诸侯国是？	楚
我国有文字可考的历史是从何时开始的？	商朝
被称为中国近代第一城的是	南通
建安诗人的时代是？	三国时期
孟尝君的名字是	田文
发明活字印刷术的毕升是现在哪个省的人？	湖北省
1981年，参加祖国大陆第一次“托福”考试的有多少人？	15
华佗被谁所杀？	曹操
下列哪一项不属于古“九州”之一？	随州
三国演义中吕布死于何人之手	曹操
在古希腊,人们购买奴隶是用：	盐
杰出女词人李清照生活在哪个时期？	两宋之交
我国最早的军事院校是哪个朝代：	前秦
秦始皇统一中国后，在全国设立郡县以治理国家，他把天下分成了多少个郡？	36
日本发明在米饭中放红梅的是	上杉谦信
率军盗取东陵的东陵大盗是	孙殿英
三国中用计火烧连营把刘备打得大败的是谁？	陆逊
青藏公路通车时间	1954年
讨袁护国军首先由谁组织发起	蔡锷
最早的家用电冰箱产于哪个国家？	美国
世界上最早的风力等级是出现在哪个国家？	中国
《记念刘和珍君》中的“刘和珍”是哪次惨案中的遇害者？	“三一八”
苏维埃社会主义共和国联盟解体是在哪一年？	１９９１年底
现存的黄鹤楼是哪一年建成的？	1985年
我国古代认为世界是物质构成，不依赖人的主观意识而独立存在的思想家是：	王夫之
中国古代四大美女中，被称作“羞花”的是哪一个？	杨贵妃
古代的日本人生活清苦，只有达到武士级别的人进餐的时候才能佐以小菜，武士以什么小菜下饭？	酸梅
清政府和美国签定的第一个不平等条约是	望厦条约
“汝似庙中之神，虽受祭祀，恨无灵验”是谁说谁？	弥衡说黄祖
“玫瑰之国”指的是哪个国家？	保加利亚
青梅煮酒时，曹操说何人色厉胆薄，好谋无断；干大事而惜身，见小利而亡命？	袁绍
2003年的中国首富是谁？	丁磊
在古代历法中，“申”代表的是哪个月份？	7月
马王堆一号古墓是哪个朝代	汉
比萨斜塔是用什么石头砌成？	大理石
中国人民解放军从1955年实行军衔制，1966年被取消。我军现又开始实行新的军衔制度是什么时候？	1988年7月1日
4世纪下半期统一黄河流域的政权是哪个少数民族建立的	氐族
华佗给关羽刮骨疗毒时关羽是何形态？	饮酒食肉，谈笑弈棋
中国古代最早的一部比较完整的行政法典是：	《唐六典》
唐朝造纸术经下列哪一国家传到欧洲	大食
明朝开国皇帝朱元璋曾做过什么？	和尚
洪秀全发动金田起义，建国号太平天国，自称天王。咸丰三年定都天京，天京是现在的什么地方？	南京
美国总统尼克松哪一年访华？	1972年
我国以煤为燃料冶铁始于	西汉
王安石变法发生在宋朝哪个皇帝在位期间？	神宗
公元前594年，实行“初税亩”，按亩收税的国家是：	鲁国
清朝时，北京城的西直门是由满族哪一旗驻守的？	正红旗
世界上第一部《有限责任公司法》是由哪个国家制定的？	德国
仰韶文化是我国历史上哪个时代中期的文化？	新石器
世界上第一辆摩托车的主要材料是：	木头
在我国最早提倡学分制的是：	蔡元培
“谬种流传”最早是宋朝人批评当时的：	科举制度
中国古代婚姻法最重要的渊源是什么？	礼
最早的楔形文字使用者是：	苏美尔人
科举制度始创于何时？	隋朝
从何时起，对最高统治者称“王”？	商
明代的东厂和西厂是：	特务机关
鼎有几个“耳朵”？	2个
古代体操五禽戏为谁所创？	华佗
中国历史上最早将礼和法结合起来，以“法治”充实“礼治”的思想家是：	荀子
第一个测出子午线长度的人是？	中国人
中国最早的教育专业刊物是：	《教育界》
中国古建筑学科的开拓者是：	梁思成
相传我国古代能作“掌上舞”的美女是：	赵飞燕
春秋时的齐国和鲁国，在现在的哪个省？	山东
Internet网在哪一年进入中国？	94年
“驸马”最初是指：	官名
中国第一枚邮票是以什么图案为主图	龙
最早芭蕾舞出现于：	宫廷
中国古代伶人指的是	以唱戏为职业的人
谁收服了黄忠？	关羽
“司马昭之心，路人皆知”是谁说的话？	曹髦
在赤壁之战前，曹操曾与孙权打了一仗，结果曹军大败，两员大将被杀，他们是谁？	焦触、张南
谁是从曹操处投到刘备处的？	王平
下列文人，哪一个不是袁绍的部下？	辛眦
诸葛亮初次打胜仗是在哪里？	博望坡
著名的《观沧海》是曹操攻打什么地方时写的？	乌桓
关羽父子在哪里被擒？	临沮
董卓因何当上相国？	护驾有功
司马懿父子在哪次战役中几乎丧命？	上方谷
孔融因何理由被曹操杀了？	说了曹操的坏话
九一八事变始于	1931年
《阳关三叠》是什么时候的琴曲？	唐代
谁是“中山装”的创始人？	孙中山
现存关于遗嘱继承的最早的法规产生于：	唐代
QQ三国军团战，试图参赛的军团长需要在赛前多久进行报名？	30分钟
QQ三国军团战，每个星期什么时候进行？	每周星期六
QQ三国军团战，什么情况下，参赛队伍会自动获胜？	没有匹配到对手
QQ三国军团战，军团参与玩家的等级要求是？	50级及以上
QQ三国军团战，每个军团参与玩家数量上限是？	70人
QQ三国军团战，一场比赛的比赛时长上限是？	40分钟
QQ三国军团战，最终评定胜负的依据是？	率先击破对手军团长雕像的队伍
QQ三国军团战，影响双方匹配的决定性依据是？	战斗积分
QQ三国军团战，军团战斗积分是如何计算的？	击杀数和击破节点数
QQ三国军团战，击杀对手可以获得战斗积分，请问击杀不低于自己多少级的玩家可以获得积分呢？	51级以内
艾滋病最早始于那年发现的？	1959年
“月上柳梢头”的下一句是什么？	人约黄昏后
三国演义中,在汜水关前有路诸侯曾说"吾有上将潘X可斩华雄"X是指？	凤
国令任务一般有多少步？	8
关于草料的描述，哪些是正确的：	其他答案都是
貂蝉的义父是谁？	王允
【高仿摆摊骗术】骗子往往使用相近的名字进行诈骗，例如：“骗子1” 和 “骗子l”，看上去相似，其实一个是数字1，一个是字母L的小写，遇到这种情况，我们应该：	查看交易时物品和等级是否正确
我国哪个城市素有“日光之城”之称？	拉萨
《三国演义》中，下列哪个事件与诸葛亮无关	合纵连横
哪种动物属于猫科动物	非洲狮
